Jaar_laden;POSTCODE_LADEN;AANTAL_LAADLOCATIES; Totaal_KG_VRACHT ;;;;
2024;0000BL;1; 42.200 ;;;;
2024;1016GR;1; 150.100 ;;;;
2024;1023CD;1; 180.000 ;;;;
2024;1027AH;1; 48.500 ;;;;
2024;1028AZ;1; 20.000 ;;;;
2024;1028BA;1; 581.200 ;;;;
2024;1047AZ;1; 23.051.400 ;;;;
2024;1054GT;1; 633.600 ;;;;
2024;1063VN;1; 29.000 ;;;;
2024;1066CA;1; 543.500 ;;;;
2024;1067PJ;1; 157.000 ;;;;
2024;1067TH;1; 226.800 ;;;;
2024;1083HP;1; 157.000 ;;;;
2024;1096CR;1; 414.890 ;;;;
2024;1103SB;1; 612.500 ;;;;
2024;1108AZ;1; 272.500 ;;;;
2024;1108BM;1; 15.000 ;;;;
2024;1109BN;1; 219.900 ;;;;
2024;1111HP;1; 625.840 ;;;;
2024;1111PP;1; 143.000 ;;;;
2024;1121NM;1; 264.200 ;;;;
2024;1121NW;1; 641.500 ;;;;
2024;1127PM;1; 223.000 ;;;;
2024;1141HH;1; 196.100 ;;;;
2024;1141PD;1; 75.900 ;;;;
2024;1151EC;1; 240.000 ;;;;
2024;1151ED;1; 532.700 ;;;;
2024;1153PK;1; 399.200 ;;;;
2024;1161GG;1; 10.900 ;;;;
2024;1165MX;1; 885.300 ;;;;
2024;1171RC;1; 185.000 ;;;;
2024;1175KC;1; 350.000 ;;;;
2024;1175KM;1; 33.000 ;;;;
2024;1175KX;1; 41.500 ;;;;
2024;1182AA;1; 547.860 ;;;;
2024;1182AC;1; 1.180.200 ;;;;
2024;1183TA;1; 300.400 ;;;;
2024;1183TK;1; 14.000 ;;;;
2024;1183TP;1; 96.800 ;;;;
2024;1187ZT;1; 220.300 ;;;;
2024;1187ZV;1; 196.000 ;;;;
2024;1188VJ;1; 858.100 ;;;;
2024;1188XJ;1; 279.700 ;;;;
2024;1191KK;1; 1.632.880 ;;;;
2024;1191KM;1; 273.500 ;;;;
2024;1191KN;1; 195.000 ;;;;
2024;1191LG;1; 226.300 ;;;;
2024;1213RM;2; 874.000 ;;;;
2024;1213TR;1; 738.100 ;;;;
2024;1218XX;1; 153.800 ;;;;
2024;1222ZZ;1; 369.000 ;;;;
2024;1223LX;1; 8.800 ;;;;
2024;1231KR;1; 1.127.400 ;;;;
2024;1231KZ;1; 792.400 ;;;;
2024;1251CJ;1; 738.000 ;;;;
2024;1261TJ;1; 30.000 ;;;;
2024;1261TP;1; 37.500 ;;;;
2024;1309BB;1; 679.700 ;;;;
2024;1311PA;1; 732.100 ;;;;
2024;1333ZR;1; 621.500 ;;;;
2024;1338GA;1; 1.148.700 ;;;;
2024;1358BP;1; 245.600 ;;;;
2024;1381GZ;1; 60.070 ;;;;
2024;1381HH;1; 562.500 ;;;;
2024;1391GT;1; 1.027.600 ;;;;
2024;1391HJ;1; 508.900 ;;;;
2024;1391HM;1; 131.200 ;;;;
2024;1391HN;1; 60.160 ;;;;
2024;1391HW;1; 5.000 ;;;;
2024;1391JH;1; 134.000 ;;;;
2024;1391KP;1; 321.900 ;;;;
2024;1393PJ;1; 630.100 ;;;;
2024;1394AB;2; 1.588.500 ;;;;
2024;1398PC;1; 9.000 ;;;;
2024;1398PE;1; 119.600 ;;;;
2024;1399EP;1; 1.419.500 ;;;;
2024;1411AX;1; 52.200 ;;;;
2024;1423ST;1; 51.400 ;;;;
2024;1426RW;1; 248.600 ;;;;
2024;1431BM;1; 49.920 ;;;;
2024;1432BJ;2; 551.900 ;;;;
2024;1432BK;1; 950.400 ;;;;
2024;1432BL;3; 890.600 ;;;;
2024;1432CB;3; 5.653.200 ;;;;
2024;1432CD;1; 639.000 ;;;;
2024;1432CP;1; 197.500 ;;;;
2024;1435EK;1; 297.300 ;;;;
2024;1435GE;1; 54.100 ;;;;
2024;1446WJ;1; 33.000 ;;;;
2024;1447AB;1; 809.300 ;;;;
2024;1456NG;1; 1.363.300 ;;;;
2024;1456NH;2; 821.140 ;;;;
2024;1456NK;1; 817.300 ;;;;
2024;1456NM;1; 1.113.900 ;;;;
2024;1458PP;1; 199.000 ;;;;
2024;1461BN;1; 749.580 ;;;;
2024;1461DB;1; 10.000 ;;;;
2024;1461DR;3; 127.800 ;;;;
2024;1461DS;1; 190.700 ;;;;
2024;1461GB;1; 544.000 ;;;;
2024;1461HT;1; 34.320 ;;;;
2024;1461LC;1; 198.000 ;;;;
2024;1462HE;1; 96.000 ;;;;
2024;1462JR;1; 190.000 ;;;;
2024;1462LJ;1; 635.300 ;;;;
2024;1462LK;1; 342.000 ;;;;
2024;1462MG;1; 442.000 ;;;;
2024;1463HA;3; 765.620 ;;;;
2024;1463PG;1; 997.860 ;;;;
2024;1464GA;2; 643.600 ;;;;
2024;1464NA;1; 39.000 ;;;;
2024;1464NK;1; 136.000 ;;;;
2024;1471CB;1; 1.581.100 ;;;;
2024;1471CH;1; 733.800 ;;;;
2024;1472BD;1; 145.000 ;;;;
2024;1473PB;1; 109.620 ;;;;
2024;1473PP;1; 18.000 ;;;;
2024;1475JJ;1; 49.220 ;;;;
2024;1481AN;1; 145.500 ;;;;
2024;1488AB;1; 80.100 ;;;;
2024;1488AC;1; 584.980 ;;;;
2024;1488AG;1; 765.500 ;;;;
2024;1488AK;1; 216.980 ;;;;
2024;1511AP;1; 1.182.000 ;;;;
2024;1511GK;1; 284.080 ;;;;
2024;1531KE;1; 468.500 ;;;;
2024;1546LM;1; 673.700 ;;;;
2024;1551PG;1; 180.000 ;;;;
2024;1566AK;1; 19.280 ;;;;
2024;1566AP;1; 157.700 ;;;;
2024;1566AZ;1; 1.072.300 ;;;;
2024;1566NC;1; 14.000 ;;;;
2024;1566PH;1; 123.760 ;;;;
2024;1566PJ;1; 23.100 ;;;;
2024;1566PL;1; 139.000 ;;;;
2024;1566PN;1; 311.200 ;;;;
2024;1602DR;1; 641.400 ;;;;
2024;1606AB;1; 126.340 ;;;;
2024;1608HH;1; 793.700 ;;;;
2024;1608MA;1; 16.000 ;;;;
2024;1611BT;1; 332.000 ;;;;
2024;1613PG;1; 577.920 ;;;;
2024;1614LH;1; 23.000 ;;;;
2024;1619JE;2; 616.800 ;;;;
2024;1619PR;2; 275.500 ;;;;
2024;1645VK;1; 181.480 ;;;;
2024;1647AD;1; 87.800 ;;;;
2024;1647CB;1; 326.380 ;;;;
2024;1647MD;1; 180.000 ;;;;
2024;1647MR;1; 582.580 ;;;;
2024;1652PD;1; 95.200 ;;;;
2024;1654JN;1; 105.000 ;;;;
2024;1661BP;1; 9.980 ;;;;
2024;1676EL;1; 267.300 ;;;;
2024;1678HG;2; 384.100 ;;;;
2024;1684NH;1; 161.220 ;;;;
2024;1693HL;1; 101.120 ;;;;
2024;1695CG;1; 843.300 ;;;;
2024;1697KH;1; 125.940 ;;;;
2024;1702PD;1; 176.140 ;;;;
2024;1703DG;1; 40.140 ;;;;
2024;1703RV;1; 530.120 ;;;;
2024;1703RZ;2; 916.400 ;;;;
2024;1704BJ;1; 135.000 ;;;;
2024;1704DW;1; 263.000 ;;;;
2024;1704NA;1; 97.300 ;;;;
2024;1704PE;1; 166.926 ;;;;
2024;1713GG;1; 513.420 ;;;;
2024;1715GH;1; 432.660 ;;;;
2024;1718MP;1; 384.220 ;;;;
2024;1724PT;1; 885.500 ;;;;
2024;1733GJ;1; 228.830 ;;;;
2024;1733JC;1; 287.500 ;;;;
2024;1734JJ;1; 364.500 ;;;;
2024;1734MH;1; 141.280 ;;;;
2024;1735ES;1; 133.000 ;;;;
2024;1735EV;1; 78.000 ;;;;
2024;1735GG;1; 256.000 ;;;;
2024;1735JB;1; 147.000 ;;;;
2024;1738DL;1; 952.840 ;;;;
2024;1738DT;1; 10.322.414 ;;;;
2024;1742NW;1; 14.280 ;;;;
2024;1744GE;1; 188.200 ;;;;
2024;1744GK;1; 79.600 ;;;;
2024;1749AZ;1; 216.000 ;;;;
2024;1749DK;1; 287.000 ;;;;
2024;1751DD;1; 474.220 ;;;;
2024;1753BJ;1; 96.220 ;;;;
2024;1755;1; 24.520 ;;;;
2024;1759LD;1; 1.067.900 ;;;;
2024;1761JJ;1; 15.260 ;;;;
2024;1764AV;1; 3.552.000 ;;;;
2024;1767EJ;1; 248.000 ;;;;
2024;1768BT;1; 112.760 ;;;;
2024;1771AD;1; 126.900 ;;;;
2024;1775PJ;1; 498.500 ;;;;
2024;1789AC;1; 765.800 ;;;;
2024;1789AJ;1; 100.000 ;;;;
2024;1792CH;1; 130.606 ;;;;
2024;1797SB;1; 22.000 ;;;;
2024;1812RB;1; 600.780 ;;;;
2024;1815VX;1; 50.000 ;;;;
2024;1824EX;1; 96.200 ;;;;
2024;1840;1; 341.400 ;;;;
2024;1842EH;1; 68.000 ;;;;
2024;1846LE;1; 30.000 ;;;;
2024;1847LM;1; 273.020 ;;;;
2024;1851BA;1; 10.015 ;;;;
2024;1851LR;1; 123.300 ;;;;
2024;1851PM;1; 40.000 ;;;;
2024;1861KR;1; 30.100 ;;;;
2024;1861PH;1; 15.000 ;;;;
2024;1862PV;1; 147.300 ;;;;
2024;1871AH;1; 1.936.800 ;;;;
2024;1902RZ;1; 475.900 ;;;;
2024;1911LZ;1; 43.660 ;;;;
2024;1911NK;1; 450.000 ;;;;
2024;1911NL;1; 330.000 ;;;;
2024;1921AV;1; 7.000 ;;;;
2024;1934PC;1; 974.800 ;;;;
2024;1934PM;2; 414.000 ;;;;
2024;1934PN;1; 51.400 ;;;;
2024;1935BR;1; 278.580 ;;;;
2024;1935EZ;1; 807.280 ;;;;
2024;1942LD;1; 76.000 ;;;;
2024;1944NZ;1; 178.000 ;;;;
2024;1944PA;1; 448.300 ;;;;
2024;1945TT;1; 177.260 ;;;;
2024;1964KJ;1; 760.400 ;;;;
2024;1968LP;1; 113.000 ;;;;
2024;1969KP;1; 37.820 ;;;;
2024;1969ME;1; 69.000 ;;;;
2024;1969MT;1; 81.000 ;;;;
2024;1981LE;1; 806.200 ;;;;
2024;1981LM;1; 145.000 ;;;;
2024;1991JB;1; 49.000 ;;;;
2024;2013AS;1; 208.160 ;;;;
2024;2026BJ;1; 171.600 ;;;;
2024;2026VL;1; 93.000 ;;;;
2024;2031BL;1; 890.600 ;;;;
2024;2033AC;1; 528.000 ;;;;
2024;2041KM;1; 30.000 ;;;;
2024;2041XA;1; 635.300 ;;;;
2024;2064WJ;1; 109.400 ;;;;
2024;2071AN;1; 74.000 ;;;;
2024;2071LG;2; 1.296.000 ;;;;
2024;2105MB;1; 37.600 ;;;;
2024;2105MG;1; 9.020 ;;;;
2024;2114BC;1; 1.235.800 ;;;;
2024;2116GA;1; 1.063.900 ;;;;
2024;2131LR;1; 170.000 ;;;;
2024;2131LV;1; 295.000 ;;;;
2024;2131MT;1; 131.500 ;;;;
2024;2136LJ;1; 226.000 ;;;;
2024;2136LK;1; 438.500 ;;;;
2024;2136LR;1; 541.800 ;;;;
2024;2141BG;1; 372.700 ;;;;
2024;2141BH;1; 307.000 ;;;;
2024;2141BJ;2; 340.200 ;;;;
2024;2141BR;2; 368.980 ;;;;
2024;2141BS;3; 850.640 ;;;;
2024;2141EV;1; 226.600 ;;;;
2024;2142ES;1; 318.800 ;;;;
2024;2143CJ;1; 631.060 ;;;;
2024;2144KV;1; 1.239.600 ;;;;
2024;2152BL;1; 345.300 ;;;;
2024;2152NA;1; 1.360.520 ;;;;
2024;2153KC;1; 189.100 ;;;;
2024;2153KD;1; 101.800 ;;;;
2024;2153KE;1; 1.767.940 ;;;;
2024;2153KG;1; 129.200 ;;;;
2024;2153KH;1; 177.700 ;;;;
2024;2153LN;1; 130.000 ;;;;
2024;2153MD;1; 817.000 ;;;;
2024;2156MX;1; 30.100 ;;;;
2024;2157PB;1; 141.000 ;;;;
2024;2160;1; 342.800 ;;;;
2024;2161AM;1; 98.900 ;;;;
2024;2161KE;1; 146.600 ;;;;
2024;2162KL;1; 464.800 ;;;;
2024;2165AR;1; 1.304.000 ;;;;
2024;2171AL;1; 33.500 ;;;;
2024;2171BB;1; 1.055.900 ;;;;
2024;2181HB;1; 112.800 ;;;;
2024;2200;1; 586.400 ;;;;
2024;2201CZ;1; 78.700 ;;;;
2024;2201EZ;1; 598.780 ;;;;
2024;2201ZG;1; 103.100 ;;;;
2024;2202BZ;1; 68.600 ;;;;
2024;2202NG;1; 270.000 ;;;;
2024;2204AA;1; 93.700 ;;;;
2024;2204AP;1; 589.040 ;;;;
2024;2204AV;1; 155.100 ;;;;
2024;2211XM;1; 820.500 ;;;;
2024;2221BL;1; 666.200 ;;;;
2024;2223LA;2; 757.200 ;;;;
2024;2223LC;1; 1.099.900 ;;;;
2024;2231NR;1; 48.480 ;;;;
2024;2240;1; 949.820 ;;;;
2024;2241BG;3; 1.162.300 ;;;;
2024;2242;1; 487.160 ;;;;
2024;2242AA;1; 621.300 ;;;;
2024;2244BK;1; 284.200 ;;;;
2024;2244BN;1; 1.074.720 ;;;;
2024;2245AG;1; 167.000 ;;;;
2024;2245BG;1; 40.400 ;;;;
2024;2252AH;1; 274.000 ;;;;
2024;2253JA;1; 428.100 ;;;;
2024;2253NB;1; 258.600 ;;;;
2024;2254AL;1; 151.800 ;;;;
2024;2260;1; 1.618.600 ;;;;
2024;2264EG;1; 65.100 ;;;;
2024;2264TK;1; 526.000 ;;;;
2024;2265CL;1; 284.900 ;;;;
2024;2266GC;1; 272.400 ;;;;
2024;2266GG;1; 116.150 ;;;;
2024;2266GL;1; 48.500 ;;;;
2024;2266GM;2; 596.360 ;;;;
2024;2266HJ;1; 61.040 ;;;;
2024;2266HW;1; 1.032.000 ;;;;
2024;2286AD;1; 978.200 ;;;;
2024;2291HM;1; 258.200 ;;;;
2024;2300;1; 580.100 ;;;;
2024;2310;1; 713.730 ;;;;
2024;2317RH;1; 214.000 ;;;;
2024;2320;1; 295.800 ;;;;
2024;2323LC;1; 325.400 ;;;;
2024;2323LG;1; 120.000 ;;;;
2024;2328;1; 22.200 ;;;;
2024;2330;1; 485.800 ;;;;
2024;2333AL;1; 253.200 ;;;;
2024;2342AK;1; 198.490 ;;;;
2024;2353BZ;1; 622.000 ;;;;
2024;2361GC;1; 168.800 ;;;;
2024;2370;1; 78.300 ;;;;
2024;2374BW;2; 790.800 ;;;;
2024;2375NA;1; 874.120 ;;;;
2024;2376AX;1; 660.800 ;;;;
2024;2381;1; 84.400 ;;;;
2024;2381EM;1; 187.900 ;;;;
2024;2381EW;1; 33.988 ;;;;
2024;2381LG;1; 129.000 ;;;;
2024;2382;1; 503.200 ;;;;
2024;2382GZ;1; 301.000 ;;;;
2024;2390;1; 1.708.080 ;;;;
2024;2391AG;1; 360.460 ;;;;
2024;2391JE;1; 493.200 ;;;;
2024;2391MS;1; 2.270.000 ;;;;
2024;2391NS;1; 396.000 ;;;;
2024;2394AD;2; 1.343.000 ;;;;
2024;2401LP;1; 256.000 ;;;;
2024;2401LT;1; 150.000 ;;;;
2024;2402NH;1; 70.500 ;;;;
2024;2403NA;1; 685.000 ;;;;
2024;2407AB;1; 115.815 ;;;;
2024;2407BD;1; 16.440 ;;;;
2024;2411HZ;1; 330.000 ;;;;
2024;2411RD;1; 583.800 ;;;;
2024;2411RE;1; 106.000 ;;;;
2024;2411RG;1; 117.120 ;;;;
2024;2411RT;2; 544.500 ;;;;
2024;2411RX;1; 26.200 ;;;;
2024;2415BG;1; 707.400 ;;;;
2024;2421KZ;1; 161.200 ;;;;
2024;2421XW;1; 440.300 ;;;;
2024;2435NC;1; 74.800 ;;;;
2024;2435ND;1; 865.500 ;;;;
2024;2435NK;1; 151.900 ;;;;
2024;2440;1; 9.000 ;;;;
2024;2441GG;1; 528.000 ;;;;
2024;2445AA;1; 612.680 ;;;;
2024;2451BB;1; 459.100 ;;;;
2024;2460;1; 1.052.360 ;;;;
2024;2461BZ;1; 126.900 ;;;;
2024;2461CN;1; 789.600 ;;;;
2024;2461EJ;1; 62.300 ;;;;
2024;2461EW;1; 108.700 ;;;;
2024;2471XE;1; 165.000 ;;;;
2024;2481KE;2; 581.444 ;;;;
2024;2481KT;1; 70.300 ;;;;
2024;2481KX;1; 316.850 ;;;;
2024;2481NA;1; 483.320 ;;;;
2024;2481NB;1; 664.900 ;;;;
2024;2493ZH;1; 354.008 ;;;;
2024;2493ZJ;1; 109.600 ;;;;
2024;2495AG;1; 595.000 ;;;;
2024;2497NX;1; 601.400 ;;;;
2024;2500;1; 630.200 ;;;;
2024;2514BP;1; 134.800 ;;;;
2024;2514CV;1; 215.300 ;;;;
2024;2514HA;1; 642.600 ;;;;
2024;2520;1; 513.160 ;;;;
2024;2530;1; 1.021.900 ;;;;
2024;2533SX;1; 122.700 ;;;;
2024;2544LG;1; 1.588.700 ;;;;
2024;2544NS;1; 897.100 ;;;;
2024;2550;1; 647.100 ;;;;
2024;2552RD;1; 250.800 ;;;;
2024;2553EG;1; 390.200 ;;;;
2024;2553EP;1; 292.480 ;;;;
2024;2555VW;1; 40.100 ;;;;
2024;2560;1; 158.400 ;;;;
2024;2564CW;1; 110.500 ;;;;
2024;2565AB;1; 687.600 ;;;;
2024;2580;1; 137.320 ;;;;
2024;2585HD;1; 8.000 ;;;;
2024;2597JH;1; 279.200 ;;;;
2024;2623NB;1; 13.600 ;;;;
2024;2629HD;2; 805.100 ;;;;
2024;2629JE;1; 3.472.700 ;;;;
2024;2630;1; 292.400 ;;;;
2024;2631NC;1; 55.380 ;;;;
2024;2631PB;1; 1.812.000 ;;;;
2024;2631PR;1; 640.000 ;;;;
2024;2635AC;2; 1.639.000 ;;;;
2024;2636AK;1; 137.000 ;;;;
2024;2636AW;1; 194.400 ;;;;
2024;2636AX;1; 119.742 ;;;;
2024;2636EC;2; 832.900 ;;;;
2024;2636ED;1; 36.640 ;;;;
2024;2636EG;1; 94.000 ;;;;
2024;2636KE;1; 490.000 ;;;;
2024;2641AZ;1; 401.800 ;;;;
2024;2641NE;1; 40.500 ;;;;
2024;2641NR;1; 28.305 ;;;;
2024;2641NX;3; 1.234.000 ;;;;
2024;2641NZ;1; 275.200 ;;;;
2024;2641PC;1; 633.600 ;;;;
2024;2641PX;1; 175.700 ;;;;
2024;2641TX;1; 96.300 ;;;;
2024;2642KN;1; 396.400 ;;;;
2024;2645BD;1; 700.200 ;;;;
2024;2645BE;1; 150.500 ;;;;
2024;2645BH;1; 68.000 ;;;;
2024;2645CA;1; 30.500 ;;;;
2024;2651KV;1; 201.000 ;;;;
2024;2651LN;1; 207.800 ;;;;
2024;2651LV;1; 240.500 ;;;;
2024;2661CS;1; 1.654.900 ;;;;
2024;2661CT;1; 158.600 ;;;;
2024;2661DD;1; 47.000 ;;;;
2024;2661ET;1; 281.100 ;;;;
2024;2661GT;1; 1.507.800 ;;;;
2024;2661JK;1; 113.000 ;;;;
2024;2665HA;1; 527.200 ;;;;
2024;2665HS;1; 54.000 ;;;;
2024;2665KB;1; 201.000 ;;;;
2024;2665KG;1; 96.900 ;;;;
2024;2665KM;1; 820.600 ;;;;
2024;2665KR;1; 636.100 ;;;;
2024;2665LC;1; 229.000 ;;;;
2024;2671MR;1; 991.600 ;;;;
2024;2675EE;1; 192.600 ;;;;
2024;2676BM;1; 161.700 ;;;;
2024;2681GG;1; 392.300 ;;;;
2024;2681LP;1; 159.500 ;;;;
2024;2681MR;1; 22.000 ;;;;
2024;2681PJ;1; 720.200 ;;;;
2024;2681RH;1; 123.400 ;;;;
2024;2685BA;1; 59.700 ;;;;
2024;2685SM;1; 1.005.800 ;;;;
2024;2691KE;1; 420.900 ;;;;
2024;2691NE;1; 186.000 ;;;;
2024;2716NH;1; 789.600 ;;;;
2024;2716NK;1; 229.000 ;;;;
2024;2716RB;1; 586.000 ;;;;
2024;2717PA;1; 323.300 ;;;;
2024;2719JW;1; 559.000 ;;;;
2024;2719RB;1; 246.000 ;;;;
2024;2728PD;1; 231.000 ;;;;
2024;2741GB;1; 226.000 ;;;;
2024;2742AG;1; 45.800 ;;;;
2024;2742JA;1; 1.319.000 ;;;;
2024;2742KC;1; 764.340 ;;;;
2024;2742WJ;1; 2.244.020 ;;;;
2024;2761DB;1; 222.400 ;;;;
2024;2761GD;1; 87.700 ;;;;
2024;2761JE;1; 57.660 ;;;;
2024;2761JK;1; 42.400 ;;;;
2024;2761KA;1; 58.600 ;;;;
2024;2771AB;1; 299.500 ;;;;
2024;2771RW;1; 612.040 ;;;;
2024;2803HG;1; 202.600 ;;;;
2024;2804AA;1; 322.640 ;;;;
2024;2805HL;1; 737.900 ;;;;
2024;2809NE;2; 488.280 ;;;;
2024;2811NS;2; 769.600 ;;;;
2024;2821LB;1; 225.000 ;;;;
2024;2821XZ;1; 231.100 ;;;;
2024;2825AH;1; 40.450 ;;;;
2024;2831KA;1; 1.058.840 ;;;;
2024;2841BT;1; 400.500 ;;;;
2024;2841LD;1; 775.200 ;;;;
2024;2841LL;1; 128.900 ;;;;
2024;2841LM;1; 278.000 ;;;;
2024;2841LR;1; 348.320 ;;;;
2024;2841LS;1; 54.400 ;;;;
2024;2851AK;1; 24.000 ;;;;
2024;2851EJ;1; 504.300 ;;;;
2024;2851EK;1; 197.000 ;;;;
2024;2851LB;1; 47.560 ;;;;
2024;2861BC;2; 259.200 ;;;;
2024;2861ET;1; 56.100 ;;;;
2024;2861GC;1; 50.400 ;;;;
2024;2861LJ;1; 24.900 ;;;;
2024;2861LM;1; 303.300 ;;;;
2024;2871AW;1; 970.000 ;;;;
2024;2907LE;1; 2.424.700 ;;;;
2024;2909LK;1; 16.000 ;;;;
2024;2910;1; 561.400 ;;;;
2024;2911BB;1; 73.000 ;;;;
2024;2911BE;1; 715.700 ;;;;
2024;2911LB;1; 1.032.200 ;;;;
2024;2911LZ;1; 208.560 ;;;;
2024;2912EE;1; 2.352.000 ;;;;
2024;2920;1; 1.834.260 ;;;;
2024;2921AS;1; 593.900 ;;;;
2024;2931XD;1; 136.400 ;;;;
2024;2935BG;1; 19.175 ;;;;
2024;2941AR;1; 8.000 ;;;;
2024;2941LD;1; 1.608.100 ;;;;
2024;2950;1; 185.750 ;;;;
2024;2952AV;1; 350.300 ;;;;
2024;2954LD;1; 382.700 ;;;;
2024;2960;1; 3.900.920 ;;;;
2024;2964LA;1; 249.000 ;;;;
2024;2967GE;1; 423.000 ;;;;
2024;2969LC;1; 373.800 ;;;;
2024;2970;1; 583.800 ;;;;
2024;2971AB;1; 357.300 ;;;;
2024;2971VH;1; 18.955 ;;;;
2024;2971XB;1; 95.000 ;;;;
2024;2980;1; 423.200 ;;;;
2024;2982CM;1; 69.800 ;;;;
2024;2982TN;1; 640.000 ;;;;
2024;2983GA;1; 298.000 ;;;;
2024;2986AA;1; 96.000 ;;;;
2024;2986XA;1; 78.500 ;;;;
2024;2988AD;1; 242.000 ;;;;
2024;2988CC;1; 129.700 ;;;;
2024;2989AL;1; 53.000 ;;;;
2024;2990;1; 4.868.200 ;;;;
2024;2991LJ;1; 530.150 ;;;;
2024;2992XE;1; 751.700 ;;;;
2024;2993AT;1; 52.800 ;;;;
2024;2995XC;1; 211.700 ;;;;
2024;2995XK;2; 372.800 ;;;;
2024;2995XL;1; 257.700 ;;;;
2024;3011WD;1; 184.200 ;;;;
2024;3041JE;1; 1.016.100 ;;;;
2024;3045PX;1; 316.220 ;;;;
2024;3046NJ;2; 172.600 ;;;;
2024;3046NR;1; 411.900 ;;;;
2024;3046NW;1; 113.100 ;;;;
2024;3053PM;1; 286.100 ;;;;
2024;3056KA;1; 8.026.628 ;;;;
2024;3056LM;1; 100.860 ;;;;
2024;3062CG;1; 1.369.260 ;;;;
2024;3067GA;1; 12.400 ;;;;
2024;3075ZJ;1; 162.800 ;;;;
2024;3080;1; 138.620 ;;;;
2024;3085BW;1; 636.900 ;;;;
2024;3088NA;1; 211.000 ;;;;
2024;3117ZA;1; 15.000 ;;;;
2024;3124KA;2; 1.014.100 ;;;;
2024;3124KC;1; 399.700 ;;;;
2024;3124KD;1; 739.700 ;;;;
2024;3128;1; 26.000 ;;;;
2024;3132KB;1; 27.000 ;;;;
2024;3138HA;1; 1.643.000 ;;;;
2024;3141EM;1; 1.391.600 ;;;;
2024;3141EN;1; 471.500 ;;;;
2024;3151XV;1; 887.600 ;;;;
2024;3155CC;1; 457.000 ;;;;
2024;3161DS;1; 86.200 ;;;;
2024;3161EP;1; 110.300 ;;;;
2024;3161HM;1; 589.800 ;;;;
2024;3161PH;1; 42.400 ;;;;
2024;3181LK;1; 261.700 ;;;;
2024;3192KA;1; 965.100 ;;;;
2024;3195GR;1; 217.000 ;;;;
2024;3208KJ;1; 145.200 ;;;;
2024;3208LR;1; 1.169.800 ;;;;
2024;3209BC;1; 1.186.600 ;;;;
2024;3211LA;1; 219.800 ;;;;
2024;3212LC;1; 210.400 ;;;;
2024;3212LN;1; 267.600 ;;;;
2024;3212LT;1; 935.000 ;;;;
2024;3214LD;1; 132.500 ;;;;
2024;3214VP;1; 353.700 ;;;;
2024;3216LB;1; 147.900 ;;;;
2024;3218LB;1; 217.500 ;;;;
2024;3222EJ;1; 343.600 ;;;;
2024;3222ER;1; 622.400 ;;;;
2024;3223LA;1; 584.100 ;;;;
2024;3223LB;1; 14.000 ;;;;
2024;3223LM;1; 134.600 ;;;;
2024;3227AG;1; 176.700 ;;;;
2024;3227AH;1; 143.500 ;;;;
2024;3227CC;1; 103.700 ;;;;
2024;32289;1; 232.600 ;;;;
2024;3231LG;1; 74.200 ;;;;
2024;3232LC;1; 127.000 ;;;;
2024;3233LA;2; 344.100 ;;;;
2024;3234KR;1; 1.449.800 ;;;;
2024;3235KA;2; 161.900 ;;;;
2024;3235KK;1; 73.400 ;;;;
2024;3235KL;1; 983.900 ;;;;
2024;3235KP;1; 446.500 ;;;;
2024;3235LA;1; 70.780 ;;;;
2024;3235LP;1; 259.800 ;;;;
2024;3235NG;1; 59.800 ;;;;
2024;3235NJ;1; 30.000 ;;;;
2024;3235NT;1; 70.500 ;;;;
2024;3235NW;1; 256.600 ;;;;
2024;3235NX;2; 399.600 ;;;;
2024;3235XH;2; 190.700 ;;;;
2024;3237KL;1; 772.200 ;;;;
2024;3237LA;1; 216.200 ;;;;
2024;3238LC;1; 1.645.300 ;;;;
2024;3238LH;2; 298.800 ;;;;
2024;3238LS;1; 357.200 ;;;;
2024;3241LL;1; 10.200 ;;;;
2024;3243AC;1; 639.700 ;;;;
2024;3243LE;1; 905.800 ;;;;
2024;3244AN;2; 261.900 ;;;;
2024;3245LR;1; 440.700 ;;;;
2024;3245NC;1; 136.200 ;;;;
2024;3247LD;1; 95.200 ;;;;
2024;3248BR;1; 328.600 ;;;;
2024;3253KB;1; 885.400 ;;;;
2024;3255LL;1; 32.400 ;;;;
2024;3255LM;1; 600.900 ;;;;
2024;3255LX;1; 40.000 ;;;;
2024;3258LN;1; 396.600 ;;;;
2024;3261LG;1; 5.000 ;;;;
2024;3262BB;1; 119.100 ;;;;
2024;3262BH;1; 333.500 ;;;;
2024;3263AP;1; 940.700 ;;;;
2024;3263RA;1; 916.600 ;;;;
2024;3264LT;1; 783.800 ;;;;
2024;3271LD;1; 208.400 ;;;;
2024;3273AZ;1; 283.800 ;;;;
2024;3273LM;2; 891.100 ;;;;
2024;3274KD;1; 475.500 ;;;;
2024;3274NA;1; 189.600 ;;;;
2024;3281KN;1; 96.820 ;;;;
2024;3281KV;1; 310.400 ;;;;
2024;3281LT;1; 120.800 ;;;;
2024;3284KR;1; 175.100 ;;;;
2024;3284LJ;1; 505.900 ;;;;
2024;3284LR;1; 956.800 ;;;;
2024;3286LC;1; 38.100 ;;;;
2024;3291CE;1; 233.300 ;;;;
2024;3291LJ;1; 511.080 ;;;;
2024;3291LM;1; 220.000 ;;;;
2024;3292LA;1; 531.900 ;;;;
2024;3311JG;1; 265.600 ;;;;
2024;3317JP;1; 642.600 ;;;;
2024;3328AS;1; 34.000 ;;;;
2024;3328LE;1; 167.520 ;;;;
2024;3329KA;1; 251.100 ;;;;
2024;3329KH;1; 356.600 ;;;;
2024;3329KM;1; 1.200.500 ;;;;
2024;3329KS;1; 12.000 ;;;;
2024;3329KT;1; 791.300 ;;;;
2024;3329LA;1; 893.300 ;;;;
2024;33334;1; 70.900 ;;;;
2024;3334LB;1; 148.800 ;;;;
2024;3335LD;1; 288.000 ;;;;
2024;3335LJ;2; 1.670.600 ;;;;
2024;3343LE;1; 65.800 ;;;;
2024;3355PM;1; 598.700 ;;;;
2024;3363WB;1; 235.400 ;;;;
2024;3364AK;1; 894.400 ;;;;
2024;3364BC;1; 2.946.120 ;;;;
2024;3366BE;1; 92.200 ;;;;
2024;3372DV;1; 1.046.600 ;;;;
2024;3373LA;1; 572.200 ;;;;
2024;3381GC;2; 426.000 ;;;;
2024;3381JR;1; 348.900 ;;;;
2024;3381JT;1; 97.800 ;;;;
2024;3381KS;1; 229.600 ;;;;
2024;3401NT;1; 99.300 ;;;;
2024;3401VA;1; 549.900 ;;;;
2024;3402PH;1; 157.000 ;;;;
2024;3405CJ;1; 238.400 ;;;;
2024;3411NB;1; 90.000 ;;;;
2024;3417BN;1; 353.800 ;;;;
2024;3417BR;1; 452.060 ;;;;
2024;3417MC;1; 89.000 ;;;;
2024;3417ME;1; 473.800 ;;;;
2024;3417XG;1; 440.400 ;;;;
2024;3421VJ;1; 167.000 ;;;;
2024;3425EN;1; 385.000 ;;;;
2024;3425TG;1; 694.761 ;;;;
2024;3444BC;1; 545.600 ;;;;
2024;3449HJ;1; 122.500 ;;;;
2024;3451GA;1; 231.200 ;;;;
2024;3451HJ;1; 814.120 ;;;;
2024;3454HX;2; 1.948.000 ;;;;
2024;3455RM;1; 141.500 ;;;;
2024;3455RN;1; 109.020 ;;;;
2024;3467PC;1; 116.000 ;;;;
2024;3471GV;1; 26.300 ;;;;
2024;3471HJ;1; 43.500 ;;;;
2024;3481BC;1; 74.000 ;;;;
2024;3481CT;1; 1.162.500 ;;;;
2024;3481GW;1; 358.000 ;;;;
2024;3481LD;1; 22.000 ;;;;
2024;3481LE;2; 107.500 ;;;;
2024;3481LN;1; 186.600 ;;;;
2024;3481LR;1; 132.300 ;;;;
2024;3566MH;1; 180.400 ;;;;
2024;3573PS;1; 325.700 ;;;;
2024;3573PT;1; 438.400 ;;;;
2024;3581BG;1; 743.400 ;;;;
2024;3584AB;1; 52.000 ;;;;
2024;3584CL;1; 1.473.800 ;;;;
2024;3601XR;1; 384.500 ;;;;
2024;3602AH;1; 207.700 ;;;;
2024;3615AA;1; 118.000 ;;;;
2024;3621LA;2; 288.800 ;;;;
2024;3621LE;1; 812.100 ;;;;
2024;3632ER;1; 432.000 ;;;;
2024;3632GA;1; 67.180 ;;;;
2024;3633AK;1; 278.700 ;;;;
2024;3640;1; 208.000 ;;;;
2024;3641PH;1; 17.200 ;;;;
2024;3641PR;1; 767.600 ;;;;
2024;3641PX;1; 195.000 ;;;;
2024;3641RA;1; 235.000 ;;;;
2024;3641RK;1; 90.600 ;;;;
2024;3645CL;1; 141.700 ;;;;
2024;3646AL;1; 170.900 ;;;;
2024;3646AS;1; 109.700 ;;;;
2024;3646AT;1; 668.800 ;;;;
2024;3646AV;1; 471.920 ;;;;
2024;3648NM;1; 101.800 ;;;;
2024;3707HN;1; 449.000 ;;;;
2024;3707NZ;1; 471.500 ;;;;
2024;3709JN;1; 365.400 ;;;;
2024;3722GX;1; 379.900 ;;;;
2024;3723BB;1; 547.000 ;;;;
2024;3723MC;1; 879.600 ;;;;
2024;3731GB;1; 229.000 ;;;;
2024;3732HT;1; 44.000 ;;;;
2024;3732HV;1; 72.000 ;;;;
2024;3732HX;1; 83.300 ;;;;
2024;3734BP;1; 326.800 ;;;;
2024;3737AD;1; 31.600 ;;;;
2024;3737AJ;1; 165.100 ;;;;
2024;3737BL;1; 817.000 ;;;;
2024;3737MD;1; 712.200 ;;;;
2024;3737MN;1; 921.300 ;;;;
2024;3737MR;1; 472.800 ;;;;
2024;3737RH;1; 77.000 ;;;;
2024;3738MA;1; 277.500 ;;;;
2024;3738XL;1; 208.000 ;;;;
2024;3743HJ;1; 553.200 ;;;;
2024;3744BW;1; 325.000 ;;;;
2024;3744ML;1; 166.280 ;;;;
2024;3751LC;1; 36.650 ;;;;
2024;3751LD;1; 1.505.900 ;;;;
2024;3751LE;1; 28.140 ;;;;
2024;3752LK;1; 236.000 ;;;;
2024;3754NC;1; 48.000 ;;;;
2024;3755CP;1; 615.400 ;;;;
2024;3755DA;2; 26.110.300 ;;;;
2024;3755DC;1; 140.860 ;;;;
2024;3755DH;1; 117.000 ;;;;
2024;3755DL;1; 83.000 ;;;;
2024;3755MR;1; 1.822.000 ;;;;
2024;3755MT;1; 182.850 ;;;;
2024;3755MX;1; 40.000 ;;;;
2024;3755NM;3; 2.540.100 ;;;;
2024;3755TA;1; 48.000 ;;;;
2024;3762LB;2; 1.442.700 ;;;;
2024;3766AD;1; 864.000 ;;;;
2024;3766HZ;1; 102.000 ;;;;
2024;3768HD;1; 371.000 ;;;;
2024;3768HL;1; 360.000 ;;;;
2024;3768HP;1; 529.000 ;;;;
2024;3768ML;1; 129.000 ;;;;
2024;3768MP;1; 329.000 ;;;;
2024;3771RN;1; 550.900 ;;;;
2024;3771RR;1; 42.740 ;;;;
2024;3771SH;1; 451.000 ;;;;
2024;3771SK;1; 72.000 ;;;;
2024;3774BV;1; 38.200 ;;;;
2024;3774JP;1; 138.100 ;;;;
2024;3774PK;1; 128.300 ;;;;
2024;3774TK;1; 293.900 ;;;;
2024;3774TN;1; 402.600 ;;;;
2024;3775KM;1; 8.000 ;;;;
2024;3775KV;1; 53.040 ;;;;
2024;3776LR;1; 327.500 ;;;;
2024;3776MG;1; 205.000 ;;;;
2024;3776PX;1; 268.100 ;;;;
2024;3776PZ;1; 154.130 ;;;;
2024;3781LT;1; 143.180 ;;;;
2024;3781NN;2; 1.150.400 ;;;;
2024;3781PC;1; 745.500 ;;;;
2024;3784VA;1; 195.000 ;;;;
2024;3784WN;1; 235.100 ;;;;
2024;3785KJ;1; 158.700 ;;;;
2024;3785KN;1; 191.500 ;;;;
2024;3791PL;1; 185.000 ;;;;
2024;3791VJ;1; 257.900 ;;;;
2024;3794MV;1; 591.700 ;;;;
2024;3816BW;1; 410.700 ;;;;
2024;3818LA;1; 292.500 ;;;;
2024;3826NE;1; 101.900 ;;;;
2024;3831JS;1; 188.800 ;;;;
2024;3833AA;1; 1.388.100 ;;;;
2024;3833LD;1; 524.000 ;;;;
2024;3835PP;1; 433.200 ;;;;
2024;3836PA;1; 350.500 ;;;;
2024;3846AV;1; 3.363.224 ;;;;
2024;3849MR;1; 272.900 ;;;;
2024;3849NN;1; 232.000 ;;;;
2024;3852AM;1; 437.950 ;;;;
2024;3852PB;1; 152.400 ;;;;
2024;3852PL;2; 654.980 ;;;;
2024;3853LX;1; 200.150 ;;;;
2024;3853NV;1; 162.900 ;;;;
2024;3853PG;1; 78.520 ;;;;
2024;3861MS;1; 166.900 ;;;;
2024;3862MS;1; 551.800 ;;;;
2024;3862NE;1; 147.000 ;;;;
2024;3862NN;1; 412.300 ;;;;
2024;3862NP;1; 48.500 ;;;;
2024;3862NR;1; 309.970 ;;;;
2024;3862PD;3; 734.430 ;;;;
2024;3862PX;1; 401.700 ;;;;
2024;3862PZ;1; 1.217.620 ;;;;
2024;3862RN;2; 312.990 ;;;;
2024;3862RV;1; 125.980 ;;;;
2024;3862RW;1; 61.000 ;;;;
2024;3864DZ;1; 194.000 ;;;;
2024;3864MG;1; 262.800 ;;;;
2024;3881RE;1; 73.900 ;;;;
2024;3881ST;1; 447.300 ;;;;
2024;3882LE;1; 64.050 ;;;;
2024;3882LH;1; 75.200 ;;;;
2024;3882RA;1; 736.300 ;;;;
2024;3882RH;1; 249.800 ;;;;
2024;3882RK;1; 343.080 ;;;;
2024;3882RP;1; 59.480 ;;;;
2024;3886PN;1; 149.600 ;;;;
2024;3888MN;1; 75.000 ;;;;
2024;3888MR;1; 240.260 ;;;;
2024;3896LA;1; 554.300 ;;;;
2024;3896LS;1; 218.960 ;;;;
2024;3896LT;1; 948.800 ;;;;
2024;3897LD;1; 324.800 ;;;;
2024;3897LT;1; 1.346.700 ;;;;
2024;3897LV;1; 149.000 ;;;;
2024;3898LA;1; 501.200 ;;;;
2024;3903LD;1; 60.000 ;;;;
2024;3911SB;1; 423.700 ;;;;
2024;3911SE;1; 89.200 ;;;;
2024;3911TL;1; 769.300 ;;;;
2024;3921DP;1; 20.000 ;;;;
2024;3925MG;1; 33.350 ;;;;
2024;3925MP;1; 235.000 ;;;;
2024;3925ND;1; 72.900 ;;;;
2024;3927CC;1; 54.500 ;;;;
2024;3927CR;1; 68.900 ;;;;
2024;3927EH;1; 492.600 ;;;;
2024;3931MT;1; 103.600 ;;;;
2024;3931MZ;1; 33.400 ;;;;
2024;3931ND;1; 556.400 ;;;;
2024;3931PD;1; 90.600 ;;;;
2024;3931PE;1; 597.000 ;;;;
2024;3931PX;1; 1.840.900 ;;;;
2024;3941DA;1; 236.500 ;;;;
2024;3941MD;1; 60.000 ;;;;
2024;3941PT;1; 1.001.400 ;;;;
2024;3941SP;1; 233.000 ;;;;
2024;3947BB;1; 54.700 ;;;;
2024;3951KE;1; 711.900 ;;;;
2024;3953ML;1; 35.100 ;;;;
2024;3956KJ;1; 417.000 ;;;;
2024;3956NJ;1; 83.100 ;;;;
2024;3958MD;1; 8.000 ;;;;
2024;3959AR;1; 92.000 ;;;;
2024;3959AT;1; 102.500 ;;;;
2024;3959AW;1; 267.300 ;;;;
2024;3959BE;1; 60.000 ;;;;
2024;3971KD;1; 471.800 ;;;;
2024;3972JJ;1; 230.300 ;;;;
2024;3972MA;1; 453.200 ;;;;
2024;3972MD;1; 123.000 ;;;;
2024;3981AN;1; 195.100 ;;;;
2024;3981HX;1; 196.000 ;;;;
2024;3985SL;1; 103.500 ;;;;
2024;3991LN;2; 22.080 ;;;;
2024;3992LN;1; 30.000 ;;;;
2024;3992LR;2; 792.000 ;;;;
2024;3992LX;1; 1.362.000 ;;;;
2024;3998NH;1; 352.000 ;;;;
2024;3998WJ;1; 145.300 ;;;;
2024;3999NR;1; 803.500 ;;;;
2024;3999NT;1; 225.000 ;;;;
2024;4011KA;1; 252.600 ;;;;
2024;4011LG;1; 431.000 ;;;;
2024;4021HB;1; 192.500 ;;;;
2024;4021HD;1; 319.000 ;;;;
2024;40229;1; 992.000 ;;;;
2024;4023CG;1; 328.500 ;;;;
2024;4032NV;3; 250.300 ;;;;
2024;4032NZ;1; 67.400 ;;;;
2024;4033AK;2; 428.100 ;;;;
2024;4033CT;1; 155.000 ;;;;
2024;4041VA;1; 20.400 ;;;;
2024;40472;1; 214.500 ;;;;
2024;40474;1; 645.900 ;;;;
2024;40489;1; 845.100 ;;;;
2024;4054NG;1; 226.900 ;;;;
2024;40589;1; 697.400 ;;;;
2024;40595;1; 657.000 ;;;;
2024;40627;1; 214.000 ;;;;
2024;40629;1; 2.938.900 ;;;;
2024;4064CJ;1; 660.300 ;;;;
2024;40667;1; 187.600 ;;;;
2024;40668;1; 1.021.700 ;;;;
2024;40670;1; 676.600 ;;;;
2024;40699;1; 1.614.300 ;;;;
2024;40721;1; 683.600 ;;;;
2024;40723;1; 176.800 ;;;;
2024;40724;1; 1.860.400 ;;;;
2024;40764;1; 316.700 ;;;;
2024;40789;1; 205.200 ;;;;
2024;40822;1; 1.738.600 ;;;;
2024;40882;1; 1.979.800 ;;;;
2024;40883;1; 832.600 ;;;;
2024;40885;1; 2.141.800 ;;;;
2024;4101BK;1; 82.000 ;;;;
2024;4102NS;1; 401.500 ;;;;
2024;4105LE;1; 1.163.700 ;;;;
2024;41066;1; 736.600 ;;;;
2024;41068;1; 656.140 ;;;;
2024;4107LJ;1; 404.400 ;;;;
2024;4115LN;1; 22.000 ;;;;
2024;41169;1; 39.300 ;;;;
2024;41179;1; 858.000 ;;;;
2024;4117GV;1; 650.500 ;;;;
2024;41189;1; 521.400 ;;;;
2024;4119LZ;1; 691.200 ;;;;
2024;41238;1; 150.500 ;;;;
2024;4124AJ;1; 668.900 ;;;;
2024;4128LM;1; 619.100 ;;;;
2024;41334;1; 3.992.160 ;;;;
2024;4133LB;1; 83.500 ;;;;
2024;41352;1; 943.800 ;;;;
2024;41363;1; 2.479.760 ;;;;
2024;41366;1; 92.000 ;;;;
2024;41372;1; 317.700 ;;;;
2024;4145MP;1; 244.300 ;;;;
2024;41462;1; 186.000 ;;;;
2024;41468;1; 1.496.400 ;;;;
2024;41472;1; 247.900 ;;;;
2024;4147EX;2; 325.000 ;;;;
2024;41516;1; 128.000 ;;;;
2024;4152GC;1; 480.900 ;;;;
2024;41564;1; 1.887.800 ;;;;
2024;41569;1; 89.600 ;;;;
2024;4157GR;1; 143.500 ;;;;
2024;4158LE;3; 495.778 ;;;;
2024;4161AA;1; 76.400 ;;;;
2024;4171KD;1; 72.400 ;;;;
2024;41748;1; 564.300 ;;;;
2024;41749;1; 994.300 ;;;;
2024;41751;1; 830.600 ;;;;
2024;41812;1; 448.600 ;;;;
2024;4182PC;1; 527.000 ;;;;
2024;41836;1; 849.410 ;;;;
2024;41844;1; 248.400 ;;;;
2024;4205NG;1; 475.200 ;;;;
2024;4206BC;1; 75.800 ;;;;
2024;4208BA;2; 781.000 ;;;;
2024;4209AX;1; 291.900 ;;;;
2024;42113;1; 363.200 ;;;;
2024;42117;1; 162.600 ;;;;
2024;42119;1; 698.100 ;;;;
2024;4212CZ;1; 238.000 ;;;;
2024;4214KL;1; 381.400 ;;;;
2024;4214KW;1; 1.192.000 ;;;;
2024;4214LD;1; 275.000 ;;;;
2024;4223MB;1; 357.100 ;;;;
2024;4225NJ;1; 924.600 ;;;;
2024;4233CG;1; 707.300 ;;;;
2024;42369;1; 825.300 ;;;;
2024;4241EB;1; 284.400 ;;;;
2024;4245TW;1; 85.000 ;;;;
2024;4247EV;1; 636.000 ;;;;
2024;42489;1; 633.100 ;;;;
2024;4251NE;1; 1.633.000 ;;;;
2024;4251XX;1; 349.000 ;;;;
2024;4254LD;1; 133.900 ;;;;
2024;42551;1; 1.609.900 ;;;;
2024;42553;1; 530.200 ;;;;
2024;42555;1; 363.200 ;;;;
2024;42579;1; 1.866.300 ;;;;
2024;4261TD;1; 62.500 ;;;;
2024;42697;1; 716.000 ;;;;
2024;42781;1; 1.629.500 ;;;;
2024;42799;1; 1.552.300 ;;;;
2024;4285DP;1; 221.800 ;;;;
2024;42929;1; 2.032.200 ;;;;
2024;4315PH;1; 559.600 ;;;;
2024;4315PK;1; 158.000 ;;;;
2024;4321TE;1; 489.200 ;;;;
2024;4323LP;1; 371.700 ;;;;
2024;4326SC;1; 194.100 ;;;;
2024;4328NG;1; 1.018.400 ;;;;
2024;4332SM;1; 400.000 ;;;;
2024;4333KN;1; 25.200 ;;;;
2024;4333RJ;1; 577.500 ;;;;
2024;4339PN;1; 407.300 ;;;;
2024;4352SC;1; 109.400 ;;;;
2024;4352SM;1; 226.800 ;;;;
2024;4354KK;2; 397.100 ;;;;
2024;4354SE;1; 49.000 ;;;;
2024;4357RB;1; 344.900 ;;;;
2024;4363RJ;1; 64.000 ;;;;
2024;4364SL;1; 56.100 ;;;;
2024;4371EN;1; 423.400 ;;;;
2024;4371NJ;1; 397.000 ;;;;
2024;4384NM;1; 549.900 ;;;;
2024;4389VE;1; 114.600 ;;;;
2024;4389VJ;1; 48.400 ;;;;
2024;4421PW;1; 456.700 ;;;;
2024;44227;1; 2.501.300 ;;;;
2024;4423PE;1; 843.500 ;;;;
2024;44265;1; 237.700 ;;;;
2024;44289;1; 468.100 ;;;;
2024;44319;1; 559.000 ;;;;
2024;44329;1; 477.900 ;;;;
2024;44339;1; 2.192.800 ;;;;
2024;4433RZ;1; 325.700 ;;;;
2024;44357;1; 354.600 ;;;;
2024;44388;1; 466.600 ;;;;
2024;4441SJ;1; 110.100 ;;;;
2024;4443AH;1; 255.180 ;;;;
2024;4451NV;1; 286.100 ;;;;
2024;4454PX;1; 41.800 ;;;;
2024;44577;1; 897.600 ;;;;
2024;44579;1; 2.751.500 ;;;;
2024;44627;1; 454.500 ;;;;
2024;44628;1; 336.500 ;;;;
2024;44651;1; 410.000 ;;;;
2024;44795;1; 535.000 ;;;;
2024;44797;1; 248.400 ;;;;
2024;44805;1; 7.300 ;;;;
2024;44807;1; 1.335.800 ;;;;
2024;44867;1; 217.600 ;;;;
2024;44869;1; 1.428.600 ;;;;
2024;4493NE;1; 350.000 ;;;;
2024;45133;1; 1.878.900 ;;;;
2024;45134;1; 1.192.430 ;;;;
2024;45149;1; 1.035.400 ;;;;
2024;45239;1; 3.154.800 ;;;;
2024;45257;1; 691.000 ;;;;
2024;45279;1; 751.500 ;;;;
2024;45289;1; 852.800 ;;;;
2024;4529JJ;1; 47.500 ;;;;
2024;45307;1; 118.700 ;;;;
2024;45309;1; 276.300 ;;;;
2024;45327;1; 418.200 ;;;;
2024;45357;1; 1.084.200 ;;;;
2024;45359;1; 370.200 ;;;;
2024;4538PN;1; 45.000 ;;;;
2024;4539PG;1; 85.780 ;;;;
2024;45470;1; 873.700 ;;;;
2024;45472;1; 1.930.780 ;;;;
2024;45475;1; 640.400 ;;;;
2024;45478;1; 1.864.100 ;;;;
2024;45479;1; 325.260 ;;;;
2024;45481;1; 4.783.700 ;;;;
2024;45527;1; 785.400 ;;;;
2024;45529;1; 2.572.870 ;;;;
2024;45549;1; 1.375.800 ;;;;
2024;45657;1; 309.100 ;;;;
2024;45659;1; 692.300 ;;;;
2024;45663;1; 311.300 ;;;;
2024;45665;1; 788.600 ;;;;
2024;4567PA;2; 365.700 ;;;;
2024;45701;1; 517.200 ;;;;
2024;45711;1; 209.400 ;;;;
2024;4571PV;1; 534.300 ;;;;
2024;45721;1; 1.308.600 ;;;;
2024;45739;1; 350.000 ;;;;
2024;4575NB;1; 40.000 ;;;;
2024;4575NH;1; 66.780 ;;;;
2024;45768;1; 719.000 ;;;;
2024;45770;1; 2.031.900 ;;;;
2024;45772;1; 174.200 ;;;;
2024;45883;1; 1.861.000 ;;;;
2024;45892;1; 439.000 ;;;;
2024;45894;1; 225.500 ;;;;
2024;45896;1; 1.365.300 ;;;;
2024;45897;1; 510.200 ;;;;
2024;4589KN;1; 12.000 ;;;;
2024;45966;1; 403.300 ;;;;
2024;45968;1; 310.000 ;;;;
2024;46045;1; 330.400 ;;;;
2024;46145;1; 248.000 ;;;;
2024;46147;1; 77.500 ;;;;
2024;4614BP;1; 401.400 ;;;;
2024;4614PA;1; 66.200 ;;;;
2024;4614PL;3; 1.136.300 ;;;;
2024;4614RJ;1; 108.000 ;;;;
2024;4622RM;1; 507.600 ;;;;
2024;46242;1; 624.400 ;;;;
2024;46244;1; 1.648.600 ;;;;
2024;4624RE;1; 285.900 ;;;;
2024;46282;1; 4.079.740 ;;;;
2024;46284;1; 1.615.980 ;;;;
2024;46286;1; 1.071.600 ;;;;
2024;4631SZ;1; 598.400 ;;;;
2024;46325;1; 1.144.100 ;;;;
2024;46342;1; 16.300 ;;;;
2024;46348;1; 395.600 ;;;;
2024;4634RG;1; 467.900 ;;;;
2024;4634TW;1; 290.900 ;;;;
2024;46359;1; 363.400 ;;;;
2024;4635RC;1; 751.300 ;;;;
2024;46414;1; 1.759.100 ;;;;
2024;46446;1; 833.300 ;;;;
2024;46485;1; 1.696.900 ;;;;
2024;46499;1; 358.300 ;;;;
2024;46509;1; 1.535.600 ;;;;
2024;46514;1; 748.990 ;;;;
2024;46519;1; 2.221.000 ;;;;
2024;4651RH;1; 133.700 ;;;;
2024;4651XT;1; 89.500 ;;;;
2024;46539;1; 3.239.500 ;;;;
2024;4655TT;1; 109.664 ;;;;
2024;46562;1; 117.900 ;;;;
2024;46569;1; 4.735.700 ;;;;
2024;4661PB;1; 209.400 ;;;;
2024;4661RE;1; 574.100 ;;;;
2024;4664PD;1; 241.900 ;;;;
2024;4664RC;1; 98.100 ;;;;
2024;4664RJ;1; 235.900 ;;;;
2024;4671RB;1; 1.262.700 ;;;;
2024;4693PE;1; 430.700 ;;;;
2024;4695SH;1; 676.100 ;;;;
2024;4703SP;1; 78.000 ;;;;
2024;4706PG;1; 267.400 ;;;;
2024;4706RA;1; 31.500 ;;;;
2024;4707PE;1; 43.500 ;;;;
2024;4707PL;1; 326.700 ;;;;
2024;4707RL;1; 300.900 ;;;;
2024;4707RM;1; 85.200 ;;;;
2024;4709AS;1; 54.000 ;;;;
2024;4709PA;1; 313.800 ;;;;
2024;4709PB;1; 576.000 ;;;;
2024;4709PN;1; 128.300 ;;;;
2024;4709RR;1; 60.000 ;;;;
2024;47119;1; 319.600 ;;;;
2024;4714SZ;1; 125.700 ;;;;
2024;4715EN;1; 117.300 ;;;;
2024;4715PA;1; 147.700 ;;;;
2024;4715PE;1; 332.200 ;;;;
2024;4715PM;1; 722.500 ;;;;
2024;4715PN;1; 1.092.400 ;;;;
2024;4715RH;1; 401.500 ;;;;
2024;4715TA;1; 277.100 ;;;;
2024;47169;1; 535.800 ;;;;
2024;47199;1; 1.536.700 ;;;;
2024;4721PB;1; 172.700 ;;;;
2024;4721PC;3; 1.079.800 ;;;;
2024;47226;1; 361.200 ;;;;
2024;47228;1; 342.900 ;;;;
2024;4722SE;1; 82.800 ;;;;
2024;47239;1; 1.052.500 ;;;;
2024;47259;1; 528.700 ;;;;
2024;4725SE;1; 1.045.900 ;;;;
2024;4725SK;2; 649.900 ;;;;
2024;4725SL;1; 243.700 ;;;;
2024;47264;1; 202.000 ;;;;deze
2024;4726TC;1; 9.700 ;;;;
2024;4731SN;1; 460.300 ;;;;
2024;4731TP;1; 40.000 ;;;;
2024;4735TC;1; 134.400 ;;;;
2024;4741TE;1; 123.000 ;;;;
2024;4741TG;1; 210.600 ;;;;
2024;4741TP;1; 795.000 ;;;;
2024;47441;1; 86.700 ;;;;
2024;47445;1; 922.900 ;;;;
2024;47447;1; 4.389.700 ;;;;
2024;47475;1; 536.200 ;;;;
2024;47495;1; 1.368.500 ;;;;
2024;47506;1; 1.174.800 ;;;;
2024;47509;1; 1.400.900 ;;;;
2024;4751HP;1; 20.000 ;;;;
2024;4751RD;2; 570.360 ;;;;
2024;4751RE;1; 121.000 ;;;;
2024;4751RW;1; 1.093.700 ;;;;
2024;4751RX;1; 230.600 ;;;;
2024;4751TE;1; 129.600 ;;;;
2024;4751VB;1; 108.300 ;;;;
2024;4751VE;1; 312.700 ;;;;
2024;4751WH;1; 41.100 ;;;;
2024;47533;1; 257.500 ;;;;
2024;47551;1; 498.360 ;;;;
2024;47559;1; 582.060 ;;;;
2024;4756SE;1; 232.300 ;;;;
2024;4756TD;1; 30.940 ;;;;
2024;47574;1; 3.602.000 ;;;;
2024;47589;1; 2.127.600 ;;;;
2024;4758TT;1; 58.100 ;;;;
2024;47608;1; 578.500 ;;;;
2024;4761PN;1; 286.700 ;;;;
2024;47624;1; 924.100 ;;;;
2024;47625;1; 949.800 ;;;;
2024;47626;1; 304.300 ;;;;
2024;47627;1; 408.000 ;;;;
2024;4762RA;1; 144.800 ;;;;
2024;47638;1; 191.700 ;;;;
2024;47647;1; 1.299.400 ;;;;
2024;47652;1; 5.976.700 ;;;;
2024;47661;1; 963.600 ;;;;
2024;47665;1; 1.517.400 ;;;;
2024;47669;1; 625.300 ;;;;
2024;4771RA;1; 232.700 ;;;;
2024;47800;1; 1.100.400 ;;;;
2024;47802;1; 2.527.200 ;;;;
2024;47803;1; 2.509.000 ;;;;
2024;47807;1; 333.400 ;;;;
2024;47829;1; 489.000 ;;;;
2024;4782SC;1; 129.360 ;;;;
2024;47839;1; 1.794.800 ;;;;
2024;47877;1; 2.524.500 ;;;;
2024;47906;1; 3.662.900 ;;;;
2024;47918;1; 881.500 ;;;;
2024;4791BM;1; 177.900 ;;;;
2024;47929;1; 893.600 ;;;;
2024;4793HJ;1; 50.400 ;;;;
2024;4793RC;1; 23.000 ;;;;
2024;48155;1; 1.329.640 ;;;;
2024;48157;1; 2.183.030 ;;;;
2024;48159;1; 485.190 ;;;;
2024;48161;1; 145.000 ;;;;
2024;48163;1; 219.000 ;;;;
2024;48167;1; 986.650 ;;;;
2024;48249;1; 714.000 ;;;;
2024;4825BP;1; 341.200 ;;;;
2024;48291;1; 577.700 ;;;;
2024;48308;1; 153.000 ;;;;
2024;48329;1; 1.436.750 ;;;;
2024;48336;1; 530.040 ;;;;
2024;48341;1; 5.100 ;;;;
2024;4834XR;1; 1.177.400 ;;;;
2024;4836BC;1; 264.600 ;;;;
2024;4836MC;1; 565.600 ;;;;
2024;4838EG;1; 452.400 ;;;;
2024;4838EP;1; 510.600 ;;;;
2024;4838GD;1; 34.300 ;;;;
2024;4838GN;1; 12.000 ;;;;
2024;4841KK;1; 52.900 ;;;;
2024;4841KM;1; 380.200 ;;;;
2024;4841KR;1; 322.000 ;;;;
2024;4841NL;1; 17.000 ;;;;
2024;48432;1; 240.800 ;;;;
2024;4844PK;1; 807.800 ;;;;
2024;4844PN;1; 193.200 ;;;;
2024;4845PL;2; 78.400 ;;;;
2024;48465;1; 72.400 ;;;;
2024;4847NC;1; 335.900 ;;;;
2024;4847NH;1; 301.400 ;;;;
2024;4847SH;2; 1.178.100 ;;;;
2024;48480;1; 122.400 ;;;;
2024;48488;1; 396.600 ;;;;
2024;4849PR;1; 199.000 ;;;;
2024;4849RD;1; 135.600 ;;;;
2024;4854PN;1; 758.000 ;;;;
2024;4855AS;1; 310.800 ;;;;
2024;4856AA;1; 167.400 ;;;;
2024;4856AB;1; 434.100 ;;;;
2024;4858RE;1; 61.000 ;;;;
2024;4859AC;1; 526.500 ;;;;
2024;4861PD;1; 75.200 ;;;;
2024;4861RD;1; 761.000 ;;;;
2024;4861TD;2; 80.000 ;;;;
2024;48653;1; 943.000 ;;;;
2024;48712;1; 588.000 ;;;;
2024;4871NA;1; 1.025.000 ;;;;
2024;4871NG;1; 139.080 ;;;;
2024;48720;1; 193.600 ;;;;
2024;48734;1; 338.400 ;;;;
2024;48739;1; 69.500 ;;;;
2024;4873LJ;1; 112.860 ;;;;
2024;4873LL;1; 478.700 ;;;;
2024;4873LN;1; 414.200 ;;;;
2024;4873NC;1; 63.600 ;;;;
2024;4875CB;1; 230.800 ;;;;
2024;4881ND;1; 172.700 ;;;;
2024;4881NE;1; 189.900 ;;;;
2024;4882NN;1; 160.500 ;;;;
2024;4885KJ;1; 214.200 ;;;;
2024;4885KM;1; 232.900 ;;;;
2024;4885KV;1; 127.900 ;;;;
2024;4891CM;1; 516.600 ;;;;
2024;4891NN;1; 39.900 ;;;;
2024;4891PV;1; 403.500 ;;;;
2024;4891SW;1; 36.900 ;;;;
2024;4891TD;1; 126.840 ;;;;
2024;4891ZB;1; 185.900 ;;;;
2024;4902RW;1; 336.100 ;;;;
2024;4909AE;1; 155.120 ;;;;
2024;4909AH;1; 183.300 ;;;;
2024;4909AX;1; 75.000 ;;;;
2024;4909BD;1; 220.600 ;;;;
2024;4909BJ;1; 657.600 ;;;;
2024;4911BW;1; 1.258.000 ;;;;
2024;4924EC;1; 505.300 ;;;;
2024;4926SL;1; 38.000 ;;;;
2024;4927RK;1; 255.400 ;;;;
2024;49479;1; 87.300 ;;;;
2024;49843;1; 333.700 ;;;;
2024;50126;1; 14.000 ;;;;
2024;50127;1; 372.400 ;;;;
2024;50129;1; 108.600 ;;;;
2024;5012TC;1; 352.840 ;;;;
2024;50170;1; 138.800 ;;;;
2024;50171;1; 56.700 ;;;;
2024;50181;1; 13.000 ;;;;
2024;50189;1; 150.700 ;;;;
2024;5018TD;1; 225.000 ;;;;
2024;50226;1; 237.400 ;;;;
2024;5022AL;1; 207.100 ;;;;
2024;5022MD;1; 16.900 ;;;;
2024;50259;1; 967.900 ;;;;
2024;5032PC;1; 1.132.800 ;;;;
2024;5032PJ;1; 274.600 ;;;;
2024;5032WR;1; 55.000 ;;;;
2024;50354;1; 65.600 ;;;;
2024;5036NA;1; 656.900 ;;;;
2024;50374;1; 88.200 ;;;;
2024;5045LN;1; 132.500 ;;;;
2024;5048CL;1; 49.540 ;;;;
2024;5048TD;1; 7.567 ;;;;
2024;5051DD;1; 37.060 ;;;;
2024;5051HS;1; 123.000 ;;;;
2024;5051PH;2; 340.500 ;;;;
2024;5059AM;1; 200.820 ;;;;
2024;5059AN;1; 580.000 ;;;;
2024;5062JK;1; 823.000 ;;;;
2024;5066CB;2; 359.600 ;;;;
2024;5066CJ;2; 250.740 ;;;;
2024;5066CV;1; 190.000 ;;;;
2024;5066PW;1; 282.000 ;;;;
2024;5066XG;1; 119.200 ;;;;
2024;5071RA;2; 865.800 ;;;;
2024;5071RH;1; 53.480 ;;;;
2024;5071RP;1; 17.650 ;;;;
2024;50737;1; 13.900 ;;;;
2024;50765;1; 105.900 ;;;;
2024;50769;1; 251.400 ;;;;
2024;5076PK;1; 339.880 ;;;;
2024;5076PR;1; 364.400 ;;;;
2024;5081HG;1; 279.200 ;;;;
2024;5081NE;1; 724.800 ;;;;
2024;5081NK;2; 547.800 ;;;;
2024;5081XR;1; 424.400 ;;;;
2024;5084HB;1; 561.500 ;;;;
2024;5084HT;1; 106.400 ;;;;
2024;50859;1; 96.100 ;;;;
2024;5085ED;1; 322.300 ;;;;
2024;5085ND;1; 98.160 ;;;;
2024;5089NS;1; 459.200 ;;;;
2024;5089NW;2; 484.100 ;;;;
2024;5089PH;1; 17.300 ;;;;
2024;5091JS;1; 1.174.200 ;;;;
2024;5091SJ;1; 296.400 ;;;;
2024;5091TG;1; 231.100 ;;;;
2024;5091TJ;1; 431.800 ;;;;
2024;5094BD;1; 233.180 ;;;;
2024;5095AB;1; 102.800 ;;;;
2024;5095AC;2; 281.280 ;;;;
2024;5095BD;2; 346.800 ;;;;
2024;50996;1; 18.000 ;;;;
2024;50997;1; 128.700 ;;;;
2024;50999;1; 182.800 ;;;;
2024;5101PA;1; 215.900 ;;;;
2024;5103BP;1; 30.000 ;;;;
2024;5105AB;1; 15.460 ;;;;
2024;51061;1; 115.600 ;;;;
2024;51069;1; 34.000 ;;;;
2024;5106AA;1; 47.000 ;;;;
2024;5109RA;1; 117.350 ;;;;
2024;5109TK;1; 152.000 ;;;;
2024;5111EP;1; 145.000 ;;;;
2024;5111XG;1; 171.100 ;;;;
2024;5113TA;1; 476.100 ;;;;
2024;5121RE;1; 469.000 ;;;;
2024;5124NC;1; 220.000 ;;;;
2024;5124NJ;1; 257.600 ;;;;
2024;5124RJ;1; 199.200 ;;;;
2024;5125ND;1; 334.100 ;;;;
2024;5125NH;1; 431.000 ;;;;
2024;5125NJ;1; 258.100 ;;;;
2024;5125PA;1; 40.900 ;;;;
2024;5126AZ;1; 149.700 ;;;;
2024;5126BW;1; 142.520 ;;;;
2024;5126NR;1; 167.000 ;;;;
2024;5126PH;1; 181.200 ;;;;
2024;5126PL;1; 172.500 ;;;;
2024;5126PS;1; 19.940 ;;;;
2024;5126WX;1; 273.700 ;;;;
2024;5131BW;1; 35.500 ;;;;
2024;5131NA;1; 104.200 ;;;;
2024;5131NK;1; 434.300 ;;;;
2024;5133AA;1; 270.000 ;;;;
2024;5133AB;1; 863.300 ;;;;
2024;5133NA;1; 380.100 ;;;;
2024;51371;1; 249.100 ;;;;
2024;51373;1; 271.400 ;;;;
2024;51375;1; 122.400 ;;;;
2024;51377;1; 240.500 ;;;;
2024;51429;1; 403.800 ;;;;
2024;51467;1; 46.000 ;;;;
2024;51469;1; 241.400 ;;;;
2024;51491;1; 1.602.100 ;;;;
2024;5151RG;1; 97.900 ;;;;
2024;5151RH;1; 955.000 ;;;;
2024;5158NA;1; 101.400 ;;;;
2024;5161AN;1; 107.800 ;;;;
2024;5161GL;1; 674.000 ;;;;
2024;5161PM;1; 274.700 ;;;;
2024;5165RA;1; 100.000 ;;;;
2024;5165RE;1; 169.700 ;;;;
2024;5171GK;1; 59.000 ;;;;
2024;5171NC;2; 191.820 ;;;;
2024;5171PJ;1; 165.000 ;;;;
2024;5171RB;2; 592.000 ;;;;
2024;5171RC;2; 816.580 ;;;;
2024;5171RL;1; 69.080 ;;;;
2024;5171TJ;1; 121.500 ;;;;
2024;5175NV;1; 51.500 ;;;;
2024;5175NW;1; 149.600 ;;;;
2024;5175NX;1; 493.700 ;;;;
2024;5175PB;1; 567.000 ;;;;
2024;5176NM;1; 169.900 ;;;;
2024;5211NJ;1; 29.300 ;;;;
2024;52355;1; 10.000 ;;;;
2024;52379;1; 8.600 ;;;;
2024;5237NB;1; 21.700 ;;;;
2024;52428;1; 25.600 ;;;;
2024;5243RK;1; 198.200 ;;;;
2024;52445;1; 30.700 ;;;;
2024;5247NP;1; 732.400 ;;;;
2024;5248NL;1; 705.600 ;;;;
2024;52499;1; 656.600 ;;;;
2024;52511;1; 2.020.300 ;;;;
2024;5251KL;1; 223.900 ;;;;
2024;52525;1; 122.100 ;;;;
2024;52538;1; 140.200 ;;;;
2024;5253AL;1; 119.000 ;;;;
2024;5253AR;1; 29.200 ;;;;
2024;5254JN;1; 39.000 ;;;;
2024;5254JS;1; 567.200 ;;;;
2024;5255PA;1; 85.000 ;;;;
2024;5257NH;1; 773.100 ;;;;
2024;5258TM;1; 243.600 ;;;;
2024;5258TN;1; 589.200 ;;;;
2024;5258TW;1; 55.000 ;;;;
2024;5262GJ;1; 778.600 ;;;;
2024;5263LT;1; 596.000 ;;;;
2024;5263NM;1; 131.700 ;;;;
2024;5266AD;1; 270.400 ;;;;
2024;5266AJ;1; 355.200 ;;;;
2024;5266AL;1; 387.400 ;;;;
2024;5266AS;1; 225.000 ;;;;
2024;5268CG;1; 268.500 ;;;;
2024;5268JW;1; 116.700 ;;;;
2024;5268KW;1; 7.000 ;;;;
2024;5268LE;1; 856.890 ;;;;
2024;5268LG;1; 408.040 ;;;;
2024;5268LK;1; 489.000 ;;;;
2024;5271VC;1; 880.300 ;;;;
2024;5271VE;1; 222.600 ;;;;
2024;5271VN;1; 18.000 ;;;;
2024;5275HC;1; 211.100 ;;;;
2024;5275HV;1; 40.000 ;;;;
2024;5275JB;1; 328.080 ;;;;
2024;5281PD;1; 53.380 ;;;;
2024;5281SC;1; 25.400 ;;;;
2024;5281TJ;1; 312.300 ;;;;
2024;5282HP;1; 306.900 ;;;;
2024;5282JE;1; 251.100 ;;;;
2024;5291AL;1; 25.980 ;;;;
2024;5291NE;1; 60.000 ;;;;
2024;5292NH;1; 234.300 ;;;;
2024;5294NG;1; 256.800 ;;;;
2024;5296KH;1; 111.200 ;;;;
2024;5298LP;1; 254.300 ;;;;
2024;5298NE;1; 435.500 ;;;;
2024;5305TE;1; 254.200 ;;;;
2024;5306HB;2; 2.755.210 ;;;;
2024;5307HR;1; 18.480 ;;;;
2024;5311AB;1; 127.000 ;;;;
2024;5311PC;1; 347.000 ;;;;
2024;5313AP;1; 96.500 ;;;;
2024;5314AS;1; 303.100 ;;;;
2024;5314LE;1; 176.000 ;;;;
2024;5314LL;1; 228.000 ;;;;
2024;5314LN;1; 16.478.431 ;;;;
2024;5315AB;1; 60.000 ;;;;
2024;5321JE;1; 865.800 ;;;;
2024;53229;1; 156.900 ;;;;
2024;5324AZ;1; 823.000 ;;;;
2024;5325KB;1; 96.000 ;;;;
2024;5328JD;1; 444.000 ;;;;
2024;53343;1; 122.600 ;;;;
2024;5334LL;1; 526.000 ;;;;
2024;5334NT;1; 155.000 ;;;;
2024;5335LB;2; 984.100 ;;;;
2024;5342NJ;1; 327.500 ;;;;
2024;5345HC;1; 12.000 ;;;;
2024;5345HR;1; 145.900 ;;;;
2024;5346JK;1; 72.800 ;;;;
2024;5346JN;1; 1.024.200 ;;;;
2024;5346PH;1; 230.600 ;;;;
2024;5351PP;1; 367.800 ;;;;
2024;5356PB;1; 243.400 ;;;;
2024;5357NA;1; 330.900 ;;;;
2024;5363TM;1; 2.175.800 ;;;;
2024;5364NB;1; 176.200 ;;;;
2024;5373KJ;1; 96.000 ;;;;
2024;5373KK;1; 47.440 ;;;;
2024;5373LE;1; 120.000 ;;;;
2024;5373LK;1; 438.800 ;;;;
2024;5374NK;1; 234.000 ;;;;
2024;5375AH;1; 52.000 ;;;;
2024;5375KC;1; 32.000 ;;;;
2024;5382JT;1; 222.900 ;;;;
2024;5384PN;1; 492.400 ;;;;
2024;5384RB;2; 821.000 ;;;;
2024;5384ST;1; 41.000 ;;;;
2024;5386KC;1; 287.000 ;;;;
2024;5386KR;1; 185.500 ;;;;
2024;53881;1; 389.200 ;;;;
2024;5388RD;1; 135.700 ;;;;
2024;5388XB;1; 430.400 ;;;;
2024;53909;1; 8.700 ;;;;
2024;53913;1; 25.200 ;;;;
2024;53919;1; 12.200 ;;;;
2024;5391KC;1; 586.700 ;;;;
2024;5394AC;1; 271.800 ;;;;
2024;5394LP;1; 314.600 ;;;;
2024;5396NL;1; 115.000 ;;;;
2024;5396PB;1; 451.900 ;;;;
2024;5397LA;2; 419.700 ;;;;
2024;5398CB;1; 90.000 ;;;;
2024;5398CG;1; 372.300 ;;;;
2024;5398HR;1; 455.000 ;;;;
2024;5398JD;1; 219.400 ;;;;
2024;5401GN;1; 208.300 ;;;;
2024;5402EK;1; 12.100 ;;;;
2024;5406NA;1; 75.000 ;;;;
2024;5406TD;1; 447.500 ;;;;
2024;5406TH;1; 426.300 ;;;;
2024;5406TS;1; 438.600 ;;;;
2024;5406XH;1; 278.100 ;;;;
2024;5406XJ;2; 372.000 ;;;;
2024;5408PA;1; 406.100 ;;;;
2024;5408SM;1; 314.400 ;;;;
2024;5409AE;1; 146.500 ;;;;
2024;5409SK;1; 37.820 ;;;;
2024;5409SX;1; 146.480 ;;;;
2024;5409TC;1; 47.000 ;;;;
2024;5411EL;1; 22.000 ;;;;
2024;5411RE;1; 198.940 ;;;;
2024;5411RM;1; 278.300 ;;;;
2024;5411RN;1; 674.900 ;;;;
2024;5411VD;1; 23.400 ;;;;
2024;5421ZJ;1; 24.700 ;;;;
2024;5423VV;1; 316.900 ;;;;
2024;5424SH;1; 679.100 ;;;;
2024;5425RD;2; 1.018.800 ;;;;
2024;5425RL;1; 443.700 ;;;;
2024;5425VC;1; 657.900 ;;;;
2024;5427EG;1; 205.800 ;;;;
2024;5427HD;1; 458.700 ;;;;
2024;5427LP;1; 44.300 ;;;;
2024;5427RC;1; 413.500 ;;;;
2024;5427RL;1; 147.100 ;;;;
2024;5428NR;2; 533.490 ;;;;
2024;5435XA;1; 257.900 ;;;;
2024;5437AA;1; 94.200 ;;;;
2024;5437PG;1; 153.000 ;;;;
2024;5438NA;1; 89.100 ;;;;
2024;5438NE;1; 10.000 ;;;;
2024;5439NH;1; 12.000 ;;;;
2024;5441PJ;1; 87.350 ;;;;
2024;5441XA;1; 65.700 ;;;;
2024;5441XG;1; 28.000 ;;;;
2024;5443NJ;1; 24.400 ;;;;
2024;5443NL;1; 60.540 ;;;;
2024;5445PA;1; 145.700 ;;;;
2024;5447PC;1; 188.200 ;;;;
2024;5447PK;1; 641.200 ;;;;
2024;5449AD;1; 199.950 ;;;;
2024;5453RJ;1; 192.100 ;;;;
2024;5453RL;1; 35.000 ;;;;
2024;5453RS;1; 239.300 ;;;;
2024;5454NL;1; 145.890 ;;;;
2024;5455RB;1; 26.140 ;;;;
2024;5463PB;2; 644.600 ;;;;
2024;5464TH;1; 327.000 ;;;;
2024;5464VC;1; 603.000 ;;;;
2024;5465PM;1; 259.100 ;;;;
2024;5465RB;1; 110.000 ;;;;
2024;5466PN;1; 49.180 ;;;;
2024;5466PS;1; 154.100 ;;;;
2024;5469PL;1; 36.900 ;;;;
2024;5469PR;1; 63.000 ;;;;
2024;5469SC;1; 364.000 ;;;;
2024;5472PS;1; 80.960 ;;;;
2024;5472PT;1; 214.900 ;;;;
2024;5473KG;2; 1.009.620 ;;;;
2024;5473RG;1; 190.500 ;;;;
2024;5473VG;2; 654.900 ;;;;
2024;5473XL;1; 585.000 ;;;;
2024;5476VB;1; 350.600 ;;;;
2024;5476VJ;1; 39.400 ;;;;
2024;5476VM;1; 393.600 ;;;;
2024;5476VX;1; 163.160 ;;;;
2024;5481VE;1; 343.000 ;;;;
2024;5481XN;1; 949.100 ;;;;
2024;5482VX;1; 479.000 ;;;;
2024;5482VZ;1; 13.000 ;;;;
2024;5482WX;1; 215.500 ;;;;
2024;5482ZR;1; 722.400 ;;;;
2024;5482ZT;1; 258.500 ;;;;
2024;5482ZX;1; 237.800 ;;;;
2024;5482ZZ;1; 240.900 ;;;;
2024;5491PG;2; 448.700 ;;;;
2024;5491PH;1; 47.700 ;;;;
2024;5491PJ;1; 158.900 ;;;;
2024;5491RB;1; 31.310 ;;;;
2024;5491RG;1; 155.200 ;;;;
2024;5491RJ;1; 229.000 ;;;;
2024;5491RM;1; 99.000 ;;;;
2024;5491RV;1; 188.800 ;;;;
2024;5491TD;1; 85.880 ;;;;
2024;5491TE;1; 421.500 ;;;;
2024;5491TL;1; 294.300 ;;;;
2024;5491VD;1; 502.640 ;;;;
2024;5491VG;1; 182.300 ;;;;
2024;5491XX;1; 40.800 ;;;;
2024;5492NC;1; 8.500 ;;;;
2024;5492VT;2; 710.500 ;;;;
2024;5504NJ;1; 176.200 ;;;;
2024;5504PT;1; 36.460 ;;;;
2024;5504PZ;1; 405.000 ;;;;
2024;5504RL;1; 903.600 ;;;;
2024;5507PW;1; 154.100 ;;;;
2024;5511KS;1; 351.460 ;;;;
2024;5513NR;1; 276.100 ;;;;
2024;5521ND;1; 684.100 ;;;;
2024;5521NP;1; 955.100 ;;;;
2024;5521PM;1; 32.200 ;;;;
2024;5524KE;1; 1.194.200 ;;;;
2024;5525AS;1; 20.700 ;;;;
2024;5525KE;1; 73.500 ;;;;
2024;5527JT;1; 516.400 ;;;;
2024;5528NB;2; 919.900 ;;;;
2024;5528NC;1; 843.100 ;;;;
2024;5528NN;2; 824.200 ;;;;
2024;5528NT;1; 454.000 ;;;;
2024;5531NM;1; 994.300 ;;;;
2024;5531PJ;1; 247.960 ;;;;
2024;5541NC;2; 103.900 ;;;;
2024;5556VA;1; 164.300 ;;;;
2024;5556VB;1; 30.160 ;;;;
2024;5556VC;1; 8.570 ;;;;
2024;5556VG;1; 7.760 ;;;;
2024;5556VJ;1; 524.200 ;;;;
2024;5561AR;1; 127.500 ;;;;
2024;5561TA;1; 95.300 ;;;;
2024;5571TH;1; 308.400 ;;;;
2024;5571TM;1; 273.800 ;;;;
2024;5571TR;1; 119.000 ;;;;
2024;5575CB;1; 15.000 ;;;;
2024;5575XB;1; 635.100 ;;;;
2024;5581VX;1; 759.500 ;;;;
2024;5583TB;1; 87.100 ;;;;
2024;5591BN;1; 878.400 ;;;;
2024;5591TA;3; 507.000 ;;;;
2024;5591TK;1; 130.100 ;;;;
2024;5591TZ;1; 1.183.200 ;;;;
2024;5591VD;1; 446.400 ;;;;
2024;5595GD;1; 1.377.840 ;;;;
2024;5595GK;1; 426.700 ;;;;
2024;5595XB;1; 1.253.400 ;;;;
2024;5613BH;1; 109.000 ;;;;
2024;5613ES;1; 955.900 ;;;;
2024;5615AT;1; 87.300 ;;;;
2024;5625GK;1; 254.300 ;;;;
2024;56332;1; 26.700 ;;;;
2024;5644BR;1; 581.000 ;;;;
2024;5644RT;1; 1.030.700 ;;;;
2024;5647LB;1; 128.500 ;;;;
2024;5664EN;1; 141.000 ;;;;
2024;5673NA;2; 741.400 ;;;;
2024;5673TZ;1; 32.000 ;;;;
2024;5674BA;1; 321.200 ;;;;
2024;5674ND;1; 92.100 ;;;;
2024;5674NJ;1; 26.720 ;;;;
2024;5674NM;1; 35.600 ;;;;
2024;5674NX;1; 136.600 ;;;;
2024;5674PG;1; 294.000 ;;;;
2024;5674RN;1; 553.200 ;;;;
2024;5674SL;1; 161.500 ;;;;
2024;5684NT;1; 69.100 ;;;;
2024;5684NX;1; 475.200 ;;;;
2024;5688GV;1; 179.200 ;;;;
2024;5688HJ;1; 190.500 ;;;;
2024;5688JM;1; 95.900 ;;;;
2024;5688LK;1; 75.800 ;;;;
2024;5688NC;1; 418.600 ;;;;
2024;5691PD;2; 1.312.300 ;;;;
2024;5694NP;1; 369.600 ;;;;
2024;5705BP;1; 332.600 ;;;;
2024;5707LH;1; 96.900 ;;;;
2024;5708BC;1; 188.600 ;;;;
2024;5708CW;1; 381.200 ;;;;
2024;5708JH;1; 629.800 ;;;;
2024;5709AG;1; 348.300 ;;;;
2024;5711PV;1; 258.600 ;;;;
2024;5711RG;1; 78.100 ;;;;
2024;5712GX;1; 777.500 ;;;;
2024;5712JX;1; 320.200 ;;;;
2024;5712PD;1; 103.000 ;;;;
2024;5712PM;1; 37.000 ;;;;
2024;5712RC;1; 372.200 ;;;;
2024;5712SE;1; 303.400 ;;;;
2024;5715RG;1; 205.500 ;;;;
2024;5721AS;1; 107.000 ;;;;
2024;5721PB;1; 480.300 ;;;;
2024;5721PD;1; 1.121.400 ;;;;
2024;5721SR;1; 198.500 ;;;;
2024;5721WH;1; 305.400 ;;;;
2024;5721WK;1; 600.100 ;;;;
2024;5721WL;1; 521.400 ;;;;
2024;5724AK;1; 393.600 ;;;;
2024;5724PG;1; 243.400 ;;;;
2024;5725AS;1; 353.000 ;;;;
2024;5725RG;3; 1.049.440 ;;;;
2024;5725RH;1; 405.000 ;;;;
2024;5725RK;1; 145.100 ;;;;
2024;5725RL;1; 257.700 ;;;;
2024;5731HD;1; 62.000 ;;;;
2024;5731PD;1; 311.400 ;;;;
2024;5731PG;2; 411.800 ;;;;
2024;5731PT;2; 920.800 ;;;;
2024;5735PA;1; 624.120 ;;;;
2024;5735RD;1; 28.440 ;;;;
2024;5737PA;1; 87.800 ;;;;
2024;5737RB;1; 34.500 ;;;;
2024;5738PD;1; 264.100 ;;;;
2024;5738RG;1; 64.700 ;;;;
2024;5741SL;1; 568.000 ;;;;
2024;5741TD;1; 293.100 ;;;;
2024;5752PC;2; 161.600 ;;;;
2024;5752PD;1; 474.300 ;;;;
2024;5752PX;1; 436.300 ;;;;
2024;5752RZ;1; 208.900 ;;;;
2024;5752SC;1; 722.700 ;;;;
2024;5753SV;1; 251.120 ;;;;
2024;5756PB;1; 518.900 ;;;;
2024;5757PB;1; 545.500 ;;;;
2024;5757RA;1; 174.000 ;;;;
2024;5757RC;1; 43.600 ;;;;
2024;5757RM;1; 69.000 ;;;;
2024;5757RN;1; 328.300 ;;;;
2024;5757RP;1; 108.900 ;;;;
2024;5761PG;1; 333.400 ;;;;
2024;5761PL;1; 93.600 ;;;;
2024;5761PS;1; 247.600 ;;;;
2024;5761RG;1; 72.000 ;;;;
2024;5761RH;1; 30.100 ;;;;
2024;5761RP;1; 104.200 ;;;;
2024;5763BR;1; 265.500 ;;;;
2024;5763BT;1; 94.500 ;;;;
2024;5764RL;1; 68.100 ;;;;
2024;5768PK;1; 569.500 ;;;;
2024;5768PP;2; 388.300 ;;;;
2024;5768RP;1; 102.800 ;;;;
2024;5768RT;1; 230.100 ;;;;
2024;5801PJ;1; 209.500 ;;;;
2024;5804AT;1; 142.000 ;;;;
2024;5804AV;1; 131.120 ;;;;
2024;5808AM;1; 339.600 ;;;;
2024;5809EK;1; 230.500 ;;;;
2024;5811AW;1; 377.082 ;;;;
2024;5812AG;1; 68.500 ;;;;
2024;5812AN;1; 45.800 ;;;;
2024;58135;1; 280.100 ;;;;
2024;5813AA;1; 168.600 ;;;;
2024;5813AB;1; 573.800 ;;;;
2024;5813AE;1; 126.600 ;;;;
2024;5813BD;1; 337.000 ;;;;
2024;5813BE;1; 505.900 ;;;;
2024;5813BH;1; 148.600 ;;;;
2024;5814AL;1; 61.600 ;;;;
2024;5815CA;2; 725.300 ;;;;
2024;5821AR;1; 236.300 ;;;;
2024;5821EE;1; 388.300 ;;;;
2024;58239;1; 93.900 ;;;;
2024;5823AM;1; 30.000 ;;;;
2024;58285;1; 2.281.600 ;;;;
2024;58300;1; 853.700 ;;;;
2024;58313;1; 813.000 ;;;;
2024;5831JM;1; 219.000 ;;;;
2024;5835BB;1; 47.500 ;;;;
2024;5836CD;1; 243.000 ;;;;
2024;5841CC;1; 76.750 ;;;;
2024;5841CD;1; 50.500 ;;;;
2024;5841CT;1; 57.380 ;;;;
2024;5841CZ;1; 30.000 ;;;;
2024;5844AA;2; 229.900 ;;;;
2024;5844AR;1; 349.200 ;;;;
2024;58454;1; 1.732.300 ;;;;
2024;5845EJ;2; 1.027.700 ;;;;
2024;5845ET;1; 12.500 ;;;;
2024;5853EM;1; 130.200 ;;;;
2024;5854RA;1; 408.800 ;;;;
2024;5855AV;1; 1.306.200 ;;;;
2024;5855EK;1; 329.200 ;;;;
2024;5856AX;1; 355.100 ;;;;
2024;5861AK;1; 40.000 ;;;;
2024;5861BC;1; 546.000 ;;;;
2024;5861CT;1; 372.100 ;;;;
2024;5863BE;1; 126.400 ;;;;
2024;58640;1; 896.600 ;;;;
2024;5865BA;1; 458.130 ;;;;
2024;5866AP;1; 409.600 ;;;;
2024;5866BR;2; 1.191.070 ;;;;
2024;5866CG;1; 78.000 ;;;;
2024;5871CR;1; 204.000 ;;;;
2024;5872CD;1; 131.100 ;;;;
2024;59174;1; 463.200 ;;;;
2024;59192;1; 75.800 ;;;;
2024;59199;1; 86.600 ;;;;
2024;59227;1; 41.800 ;;;;
2024;5925NE;1; 85.900 ;;;;
2024;59269;1; 137.200 ;;;;
2024;5926PB;1; 147.000 ;;;;
2024;5927NP;1; 669.800 ;;;;
2024;5927NX;1; 129.000 ;;;;
2024;5927PA;1; 43.550 ;;;;
2024;5928RL;1; 267.200 ;;;;
2024;59320;1; 189.400 ;;;;
2024;59348;1; 273.100 ;;;;
2024;59368;1; 870.500 ;;;;
2024;59399;1; 285.900 ;;;;
2024;5941MX;1; 179.600 ;;;;
2024;59427;1; 2.859.900 ;;;;
2024;59439;1; 277.600 ;;;;
2024;5944EL;1; 360.900 ;;;;
2024;59494;1; 10.400 ;;;;
2024;59514;1; 29.200 ;;;;
2024;5951NH;1; 201.000 ;;;;
2024;5951NJ;1; 1.105.600 ;;;;
2024;5951NK;1; 345.000 ;;;;
2024;5954PJ;1; 67.360 ;;;;
2024;5961NE;1; 204.400 ;;;;
2024;5961PM;1; 149.600 ;;;;
2024;5962NV;1; 348.900 ;;;;
2024;5964AJ;1; 328.500 ;;;;
2024;5964ND;1; 542.700 ;;;;
2024;5964NR;1; 324.300 ;;;;
2024;5964PE;1; 474.720 ;;;;
2024;5966RL;1; 14.000 ;;;;
2024;5966RS;1; 302.500 ;;;;
2024;5971BV;1; 140.300 ;;;;
2024;5975NT;1; 602.900 ;;;;
2024;5975NV;1; 86.300 ;;;;
2024;5975NW;1; 121.500 ;;;;
2024;5975PB;1; 167.500 ;;;;
2024;5975PC;1; 293.000 ;;;;
2024;5975PN;1; 426.100 ;;;;
2024;5975PP;2; 498.800 ;;;;
2024;5975PS;1; 309.600 ;;;;
2024;5976NL;1; 201.300 ;;;;
2024;5976PL;2; 382.070 ;;;;
2024;5977NE;1; 126.000 ;;;;
2024;5977NJ;1; 267.800 ;;;;
2024;5977NM;1; 177.500 ;;;;
2024;5981NS;1; 243.700 ;;;;
2024;5981PD;1; 141.300 ;;;;
2024;5981PK;1; 155.000 ;;;;
2024;5984NV;1; 606.700 ;;;;
2024;5985NC;1; 646.200 ;;;;
2024;5985NH;1; 188.700 ;;;;
2024;5987NC;2; 599.900 ;;;;
2024;5987ND;1; 415.000 ;;;;
2024;5987NJ;1; 409.700 ;;;;
2024;5988NT;1; 272.500 ;;;;
2024;5991ND;1; 367.600 ;;;;
2024;5991NE;1; 596.860 ;;;;
2024;5993NK;1; 327.900 ;;;;
2024;5993PB;1; 155.150 ;;;;
2024;5993PS;1; 118.200 ;;;;
2024;5993PX;1; 420.500 ;;;;
2024;5995BM;1; 111.800 ;;;;
2024;5995NS;1; 384.200 ;;;;
2024;5995NT;1; 1.303.700 ;;;;
2024;5995PP;1; 31.900 ;;;;
2024;5995PT;2; 351.900 ;;;;
2024;5995PX;3; 471.500 ;;;;
2024;5995RN;1; 36.300 ;;;;
2024;6002NB;1; 409.300 ;;;;
2024;6002SG;1; 26.100 ;;;;
2024;6002ST;1; 177.200 ;;;;
2024;6002TB;2; 856.000 ;;;;
2024;6003NT;2; 649.200 ;;;;
2024;6003PR;1; 525.900 ;;;;
2024;6003PW;2; 565.200 ;;;;
2024;6004RC;1; 785.300 ;;;;
2024;6005NE;1; 127.000 ;;;;
2024;6005NG;1; 213.100 ;;;;
2024;6006AD;1; 117.600 ;;;;
2024;6006NS;1; 370.300 ;;;;
2024;6006PS;1; 365.800 ;;;;
2024;6006PW;1; 161.800 ;;;;
2024;6006ST;1; 351.300 ;;;;
2024;6006TA;1; 915.600 ;;;;
2024;6006VE;1; 793.100 ;;;;
2024;6011SK;1; 32.900 ;;;;
2024;6013RD;1; 284.800 ;;;;
2024;6013RX;1; 249.500 ;;;;
2024;6015AX;1; 173.800 ;;;;
2024;6017BX;1; 328.200 ;;;;
2024;6021CX;1; 6.000 ;;;;
2024;6021GN;1; 201.000 ;;;;
2024;6021PA;1; 255.200 ;;;;
2024;6021SB;1; 37.500 ;;;;
2024;6023AJ;1; 245.900 ;;;;
2024;6026RG;1; 2.292.940 ;;;;
2024;6027RH;1; 798.900 ;;;;
2024;6028RD;1; 135.600 ;;;;
2024;6029PG;1; 384.000 ;;;;
2024;6029PS;1; 243.500 ;;;;
2024;6031AD;1; 40.440 ;;;;
2024;6031PX;2; 1.267.400 ;;;;
2024;6035AB;2; 570.300 ;;;;
2024;6035BS;1; 115.500 ;;;;
2024;6035PT;1; 339.000 ;;;;
2024;6035PV;1; 24.120 ;;;;
2024;6035RZ;1; 273.800 ;;;;
2024;6035SJ;1; 111.900 ;;;;
2024;6037NM;1; 148.800 ;;;;
2024;6037NV;2; 274.200 ;;;;
2024;6037RH;1; 231.800 ;;;;
2024;6039RK;1; 309.500 ;;;;
2024;6042KS;1; 249.200 ;;;;
2024;6042LA;1; 111.400 ;;;;
2024;6042LR;1; 716.400 ;;;;
2024;6061AK;1; 181.100 ;;;;
2024;6067AB;1; 16.340 ;;;;
2024;6071PD;1; 120.600 ;;;;
2024;6071PR;1; 105.000 ;;;;
2024;6074AC;1; 512.700 ;;;;
2024;6074EN;1; 120.300 ;;;;
2024;6074ES;1; 9.000 ;;;;
2024;6075NE;1; 238.000 ;;;;
2024;6086AR;1; 233.300 ;;;;
2024;6088AD;1; 175.500 ;;;;
2024;6088EE;1; 91.000 ;;;;
2024;6088NN;1; 239.700 ;;;;
2024;6088NT;1; 848.800 ;;;;
2024;6088PD;1; 25.760 ;;;;
2024;6093PB;1; 231.900 ;;;;
2024;6093PC;1; 10.000 ;;;;
2024;6093PR;1; 478.100 ;;;;
2024;6095ND;1; 535.600 ;;;;
2024;6095NE;1; 405.000 ;;;;
2024;6096AR;1; 596.700 ;;;;
2024;6097AE;1; 171.400 ;;;;
2024;6097AV;1; 74.980 ;;;;
2024;6097NK;1; 341.400 ;;;;
2024;6101EJ;1; 113.000 ;;;;
2024;6101RA;1; 146.900 ;;;;
2024;6101XR;1; 178.900 ;;;;
2024;6101XZ;1; 286.700 ;;;;
2024;6102RV;1; 338.600 ;;;;
2024;6104BM;1; 25.000 ;;;;
2024;6104RG;1; 567.600 ;;;;
2024;6104RT;1; 63.700 ;;;;
2024;6105AD;2; 630.660 ;;;;
2024;6105AM;1; 1.061.900 ;;;;
2024;6111AA;1; 352.700 ;;;;
2024;6114AN;1; 322.400 ;;;;
2024;6114JZ;1; 96.300 ;;;;
2024;6114KE;1; 113.200 ;;;;
2024;6114KW;1; 288.000 ;;;;
2024;6114LB;2; 2.195.100 ;;;;
2024;6114RE;2; 382.700 ;;;;
2024;6114RM;1; 73.600 ;;;;
2024;6116CC;1; 60.400 ;;;;
2024;6121XK;1; 78.300 ;;;;
2024;6132AW;1; 275.900 ;;;;
2024;6132KA;1; 33.000 ;;;;
2024;6141AW;1; 728.600 ;;;;
2024;6142BT;1; 228.200 ;;;;
2024;6153AB;1; 288.400 ;;;;
2024;6155NM;2; 416.600 ;;;;
2024;6164JL;1; 910.100 ;;;;
2024;6171XA;1; 841.400 ;;;;
2024;6191PJ;2; 942.700 ;;;;
2024;6225NC;1; 309.900 ;;;;
2024;6226DL;1; 6.100 ;;;;
2024;6228XV;1; 877.000 ;;;;
2024;6235AA;1; 467.000 ;;;;
2024;6235AJ;1; 107.300 ;;;;
2024;6241ND;1; 241.400 ;;;;
2024;6241NS;1; 34.000 ;;;;
2024;6243AG;1; 125.300 ;;;;
2024;6245AA;1; 365.600 ;;;;
2024;6255AJ;1; 60.300 ;;;;
2024;6255NJ;1; 170.100 ;;;;
2024;6255NK;1; 310.800 ;;;;
2024;6262NZ;1; 1.316.500 ;;;;
2024;6267AA;1; 671.700 ;;;;
2024;6267AH;1; 132.100 ;;;;
2024;6268NC;1; 185.600 ;;;;
2024;6269NG;1; 41.300 ;;;;
2024;6271NS;1; 84.300 ;;;;
2024;6281AD;1; 107.500 ;;;;
2024;6286CJ;1; 86.800 ;;;;
2024;6291DA;1; 220.200 ;;;;
2024;6291DB;1; 83.000 ;;;;
2024;6291NA;1; 115.400 ;;;;
2024;6291NG;2; 371.200 ;;;;
2024;6294NC;1; 150.300 ;;;;
2024;6294NG;1; 1.107.500 ;;;;
2024;6301PR;1; 972.200 ;;;;
2024;6325PA;1; 165.400 ;;;;
2024;6325PB;1; 81.900 ;;;;
2024;6325PC;1; 77.800 ;;;;
2024;6325PE;1; 32.300 ;;;;
2024;6333CB;1; 157.700 ;;;;
2024;6333ER;1; 335.700 ;;;;
2024;6336PC;1; 1.613.000 ;;;;
2024;6336TG;1; 1.173.100 ;;;;
2024;6336VW;1; 992.700 ;;;;
2024;6336XZ;1; 98.000 ;;;;
2024;6343PB;1; 308.500 ;;;;
2024;6343PH;1; 154.740 ;;;;
2024;6343PL;1; 344.100 ;;;;
2024;6351JE;1; 48.000 ;;;;
2024;6351JL;1; 32.500 ;;;;
2024;6353AK;1; 40.800 ;;;;
2024;6361DA;1; 102.400 ;;;;
2024;6361HH;1; 378.400 ;;;;
2024;6363CB;1; 746.800 ;;;;
2024;6363CD;1; 432.400 ;;;;
2024;6365AC;1; 384.900 ;;;;
2024;6365EA;1; 158.800 ;;;;
2024;6367AJ;1; 124.400 ;;;;
2024;6369BK;1; 96.900 ;;;;
2024;6369TE;2; 781.500 ;;;;
2024;6371CZ;1; 254.800 ;;;;
2024;6371GJ;1; 12.720 ;;;;
2024;6372AP;1; 85.300 ;;;;
2024;6372VG;1; 165.700 ;;;;
2024;6372XH;1; 1.399.900 ;;;;
2024;6374CB;1; 1.377.700 ;;;;
2024;6374CT;1; 71.000 ;;;;
2024;6374ER;1; 34.000 ;;;;
2024;6374LG;2; 1.005.700 ;;;;
2024;6374XX;1; 1.102.900 ;;;;
2024;6419PL;1; 163.500 ;;;;
2024;6431EZ;1; 223.100 ;;;;
2024;6433KG;1; 17.100 ;;;;
2024;6438AE;2; 1.145.800 ;;;;
2024;6438BK;1; 89.400 ;;;;
2024;6438GE;1; 193.300 ;;;;
2024;6438HA;1; 213.000 ;;;;
2024;6439AD;1; 1.333.700 ;;;;
2024;6441JA;1; 313.700 ;;;;
2024;6441LG;1; 3.188.600 ;;;;
2024;6447BV;1; 436.400 ;;;;
2024;6447CJ;1; 256.200 ;;;;
2024;6447CL;1; 167.200 ;;;;
2024;6451AG;1; 462.300 ;;;;
2024;6451BX;1; 626.100 ;;;;
2024;6451BZ;1; 364.200 ;;;;
2024;6451CH;1; 112.200 ;;;;
2024;6451PA;1; 196.800 ;;;;
2024;6451PR;1; 132.400 ;;;;
2024;6456AP;1; 48.000 ;;;;
2024;6464GM;1; 273.200 ;;;;
2024;6465AC;1; 1.223.900 ;;;;
2024;6466GC;1; 152.400 ;;;;
2024;6534AP;1; 108.000 ;;;;
2024;6542SX;1; 41.000 ;;;;
2024;6551ZE;1; 15.000 ;;;;
2024;6561KP;1; 257.400 ;;;;
2024;6561KS;1; 316.900 ;;;;
2024;6561KV;1; 479.800 ;;;;
2024;6562DM;1; 26.200 ;;;;
2024;6562KC;1; 692.200 ;;;;
2024;6562KK;1; 170.400 ;;;;
2024;6562LS;1; 470.000 ;;;;
2024;6571CH;2; 683.500 ;;;;
2024;6571CK;1; 9.000 ;;;;
2024;6573AZ;1; 59.500 ;;;;
2024;6581ED;1; 644.600 ;;;;
2024;6582BB;1; 287.500 ;;;;
2024;6582BR;1; 780.100 ;;;;
2024;6585KP;1; 611.600 ;;;;
2024;6585XG;1; 143.300 ;;;;
2024;6595MB;1; 854.100 ;;;;
2024;6595MG;1; 208.900 ;;;;
2024;6595MK;1; 245.500 ;;;;
2024;6596MA;1; 687.040 ;;;;
2024;6596MB;1; 476.600 ;;;;
2024;6598AE;1; 234.000 ;;;;
2024;6598MC;2; 551.900 ;;;;
2024;6601PB;2; 528.000 ;;;;
2024;6603KD;1; 134.500 ;;;;
2024;6603KN;1; 453.500 ;;;;
2024;6603KS;1; 41.000 ;;;;
2024;6603KT;1; 806.200 ;;;;
2024;6603KW;1; 73.200 ;;;;
2024;6603LM;1; 307.700 ;;;;
2024;6604BH;1; 36.000 ;;;;
2024;6604KE;1; 64.700 ;;;;
2024;6604KG;1; 71.000 ;;;;
2024;6611AD;1; 282.000 ;;;;
2024;6611AM;1; 30.800 ;;;;
2024;6611KJ;1; 83.800 ;;;;
2024;6611KR;1; 507.400 ;;;;
2024;6611KS;1; 297.800 ;;;;
2024;6615AK;1; 870.800 ;;;;
2024;6615AP;1; 65.000 ;;;;
2024;6616AA;1; 149.300 ;;;;
2024;6616AC;1; 205.300 ;;;;
2024;6617AK;1; 294.100 ;;;;
2024;6617AZ;2; 158.400 ;;;;
2024;6617KH;1; 15.800 ;;;;
2024;6621BR;1; 634.500 ;;;;
2024;6621KL;1; 34.900 ;;;;
2024;6624KJ;1; 852.000 ;;;;
2024;6628AG;1; 11.000 ;;;;
2024;6631BK;1; 25.000 ;;;;
2024;6631KC;1; 473.000 ;;;;
2024;6631KJ;1; 314.400 ;;;;
2024;6631KW;1; 4.000 ;;;;
2024;6634KC;1; 21.000 ;;;;
2024;6634KH;1; 320.000 ;;;;
2024;6641KZ;1; 16.462.900 ;;;;
2024;6644AD;1; 283.500 ;;;;
2024;6644KJ;1; 4.000 ;;;;
2024;6644KP;1; 14.000 ;;;;
2024;6644KR;2; 541.900 ;;;;
2024;6653CG;1; 44.000 ;;;;
2024;6655KB;1; 211.200 ;;;;
2024;6657AA;1; 290.300 ;;;;
2024;6657AE;1; 169.400 ;;;;
2024;6659KE;1; 95.000 ;;;;
2024;6661KE;1; 564.900 ;;;;
2024;6661NB;1; 19.500 ;;;;
2024;6661ND;1; 107.100 ;;;;
2024;6661NG;1; 64.000 ;;;;
2024;6661NK;1; 138.000 ;;;;
2024;6661NN;1; 293.000 ;;;;
2024;6661NP;1; 36.000 ;;;;
2024;6661NR;1; 810.700 ;;;;
2024;6661NS;2; 207.500 ;;;;
2024;6662NP;2; 92.400 ;;;;
2024;6663KC;1; 24.000 ;;;;
2024;6665LL;1; 605.400 ;;;;
2024;6666AE;1; 513.400 ;;;;
2024;6666GA;1; 561.400 ;;;;
2024;6666LA;1; 403.300 ;;;;
2024;6668AT;1; 75.000 ;;;;
2024;6671DH;1; 41.500 ;;;;
2024;6672MC;1; 51.600 ;;;;
2024;6674MB;1; 53.700 ;;;;
2024;6674MH;1; 1.500 ;;;;
2024;6678PA;1; 88.000 ;;;;
2024;6681DX;1; 132.300 ;;;;
2024;6681VX;1; 391.500 ;;;;
2024;6687AT;1; 149.700 ;;;;
2024;6687LD;1; 2.506.300 ;;;;
2024;6687LS;2; 48.500 ;;;;
2024;6687LT;2; 90.700 ;;;;
2024;6691ES;2; 303.900 ;;;;
2024;6691EV;1; 244.500 ;;;;
2024;6691GE;1; 15.500 ;;;;
2024;6691JJ;1; 28.400 ;;;;
2024;6691MG;1; 69.000 ;;;;
2024;6704AN;1; 192.600 ;;;;
2024;6704PA;1; 150.000 ;;;;
2024;6717XA;1; 80.880 ;;;;
2024;6718NG;1; 1.386.300 ;;;;
2024;6718PC;1; 428.900 ;;;;
2024;6718PG;1; 907.600 ;;;;
2024;6718SB;1; 338.000 ;;;;
2024;6718SH;1; 960.700 ;;;;
2024;6718ST;1; 94.000 ;;;;
2024;6718TJ;1; 86.700 ;;;;
2024;6718TZ;1; 378.000 ;;;;
2024;6718VD;1; 229.200 ;;;;
2024;6718WC;1; 358.200 ;;;;
2024;6718WH;1; 113.380 ;;;;
2024;6721ML;1; 73.300 ;;;;
2024;6721MV;1; 450.900 ;;;;
2024;6721MX;1; 257.700 ;;;;
2024;6721NA;1; 237.800 ;;;;
2024;6721NC;1; 15.000 ;;;;
2024;6721NH;1; 121.800 ;;;;
2024;6731BV;1; 483.000 ;;;;
2024;6731SC;2; 747.500 ;;;;
2024;6732AS;1; 466.800 ;;;;
2024;6732DG;1; 567.800 ;;;;
2024;6732GC;1; 283.600 ;;;;
2024;6732GL;1; 160.500 ;;;;
2024;6732GR;1; 567.300 ;;;;
2024;6733JB;1; 32.500 ;;;;
2024;6741EC;1; 1.805.940 ;;;;
2024;6741GR;1; 97.500 ;;;;
2024;6741GV;1; 154.000 ;;;;
2024;6741HE;1; 260.800 ;;;;
2024;6741HH;1; 496.500 ;;;;
2024;6741HN;1; 109.760 ;;;;
2024;6741HP;3; 871.300 ;;;;
2024;6741JL;1; 151.920 ;;;;
2024;6741KN;1; 187.800 ;;;;
2024;6741KP;1; 860.700 ;;;;
2024;6741LD;1; 245.200 ;;;;
2024;6741LH;1; 147.600 ;;;;
2024;6741PB;2; 639.800 ;;;;
2024;6741PG;1; 499.200 ;;;;
2024;6741PL;1; 94.900 ;;;;
2024;6744PJ;1; 669.000 ;;;;
2024;6744TB;1; 373.200 ;;;;
2024;6816RW;1; 607.600 ;;;;
2024;6816SJ;1; 672.500 ;;;;
2024;6816VA;1; 127.530 ;;;;
2024;6816VS;1; 283.370 ;;;;
2024;6836AA;1; 153.000 ;;;;
2024;6836AB;1; 240.000 ;;;;
2024;6836AG;1; 333.900 ;;;;
2024;6851DK;1; 387.000 ;;;;
2024;6861AH;1; 154.900 ;;;;
2024;6862BH;1; 584.000 ;;;;
2024;6865NA;1; 1.211.300 ;;;;
2024;6865ND;1; 276.300 ;;;;
2024;6866NL;1; 267.000 ;;;;
2024;6866NM;2; 47.500 ;;;;
2024;6871NJ;1; 52.000 ;;;;
2024;6871NR;1; 448.000 ;;;;
2024;6874BT;1; 1.371.900 ;;;;
2024;6903PE;1; 394.300 ;;;;
2024;6905BA;1; 726.300 ;;;;
2024;6905CE;1; 73.500 ;;;;
2024;6909BL;1; 934.700 ;;;;
2024;6911KM;1; 827.000 ;;;;
2024;6914KJ;1; 192.000 ;;;;
2024;6914KK;1; 45.400 ;;;;
2024;6921PM;1; 18.620 ;;;;
2024;6923CB;1; 55.600 ;;;;
2024;6923CC;1; 301.300 ;;;;
2024;6924AB;1; 333.100 ;;;;
2024;6931AE;1; 563.400 ;;;;
2024;6941RB;1; 312.700 ;;;;
2024;6941SK;1; 655.000 ;;;;
2024;6942JC;1; 222.600 ;;;;
2024;6942JK;1; 29.000 ;;;;
2024;6942PP;1; 68.500 ;;;;
2024;6942PT;1; 41.480 ;;;;
2024;6952ET;1; 13.000 ;;;;
2024;6956CG;1; 12.500 ;;;;
2024;6957DE;1; 256.700 ;;;;
2024;6957DJ;1; 253.500 ;;;;
2024;6961RA;2; 188.600 ;;;;
2024;6971JS;1; 290.000 ;;;;
2024;6988BS;1; 799.600 ;;;;
2024;6991JN;1; 516.300 ;;;;
2024;6991JP;1; 60.000 ;;;;
2024;6994JD;2; 750.500 ;;;;
2024;6998CC;1; 81.500 ;;;;
2024;6999DT;1; 128.800 ;;;;
2024;6999EB;1; 416.500 ;;;;
2024;7002CP;1; 471.000 ;;;;
2024;7004HL;1; 95.400 ;;;;
2024;7004JB;1; 263.400 ;;;;
2024;7021KC;1; 232.100 ;;;;
2024;7021LT;1; 356.900 ;;;;
2024;7031EG;1; 220.640 ;;;;
2024;7031HS;1; 135.100 ;;;;
2024;7036AB;1; 30.700 ;;;;
2024;7036AC;1; 32.300 ;;;;
2024;7037BG;1; 90.000 ;;;;
2024;7037CN;1; 40.700 ;;;;
2024;7037DA;2; 317.400 ;;;;
2024;7038EM;1; 113.800 ;;;;
2024;7039CC;1; 52.800 ;;;;
2024;7039CK;1; 238.900 ;;;;
2024;7047CB;1; 403.500 ;;;;
2024;7054AL;1; 227.120 ;;;;
2024;7054AV;1; 56.780 ;;;;
2024;7055AM;1; 282.700 ;;;;
2024;7055BT;1; 179.100 ;;;;
2024;7064KG;1; 89.100 ;;;;
2024;7064LA;1; 62.400 ;;;;
2024;7075DK;1; 427.500 ;;;;
2024;7075DS;1; 14.000 ;;;;
2024;7075EL;1; 262.300 ;;;;
2024;7075EP;1; 108.830 ;;;;
2024;7081AA;1; 510.700 ;;;;
2024;7081HM;1; 10.000 ;;;;
2024;7083AN;1; 247.400 ;;;;
2024;7101PA;1; 1.992.940 ;;;;
2024;7104GM;1; 41.900 ;;;;
2024;7105CC;1; 6.000 ;;;;
2024;7107AZ;1; 14.000 ;;;;
2024;7109BB;1; 140.000 ;;;;
2024;7109BS;1; 738.050 ;;;;
2024;7109CB;1; 30.000 ;;;;
2024;7119AA;1; 45.000 ;;;;
2024;7121KC;1; 270.060 ;;;;
2024;7122JX;1; 177.240 ;;;;
2024;7122KC;1; 359.440 ;;;;
2024;7122RP;1; 83.280 ;;;;
2024;7135JB;1; 76.380 ;;;;
2024;7135JC;1; 263.500 ;;;;
2024;7135KK;1; 82.900 ;;;;
2024;7136KN;1; 619.800 ;;;;
2024;7136LC;1; 56.320 ;;;;
2024;7137HD;1; 51.300 ;;;;
2024;7141HE;1; 671.520 ;;;;
2024;7151HA;2; 1.004.020 ;;;;
2024;7151HR;1; 178.000 ;;;;
2024;7157BB;1; 45.000 ;;;;
2024;7161ML;1; 184.320 ;;;;
2024;7161RH;1; 353.500 ;;;;
2024;7207DG;2; 182.620 ;;;;
2024;7211LR;1; 96.000 ;;;;
2024;7211MH;1; 155.500 ;;;;
2024;7213LT;1; 259.000 ;;;;
2024;7216PP;1; 243.000 ;;;;
2024;7216PT;1; 379.200 ;;;;
2024;7218NM;1; 139.900 ;;;;
2024;7241RL;1; 133.000 ;;;;
2024;7241SC;1; 268.100 ;;;;
2024;7244NA;1; 907.000 ;;;;
2024;7245NE;1; 40.000 ;;;;
2024;7245VW;1; 1.452.300 ;;;;
2024;7251LW;1; 138.300 ;;;;
2024;7251NA;1; 208.900 ;;;;
2024;7255JZ;1; 46.500 ;;;;
2024;7255LW;1; 129.000 ;;;;
2024;7255NN;1; 220.200 ;;;;
2024;7255PM;1; 639.600 ;;;;
2024;7261MX;1; 31.200 ;;;;
2024;7261SK;1; 359.770 ;;;;
2024;7271SM;1; 12.000 ;;;;
2024;7274DP;1; 101.000 ;;;;
2024;7274EG;1; 1.883.200 ;;;;
2024;7274EM;1; 827.600 ;;;;
2024;7275AE;1; 96.800 ;;;;
2024;7275AR;1; 129.240 ;;;;
2024;7275AV;1; 339.600 ;;;;
2024;7275BH;1; 528.500 ;;;;
2024;7325WR;1; 148.600 ;;;;
2024;7331CJ;1; 16.000 ;;;;
2024;7333NM;1; 156.400 ;;;;
2024;7339GT;1; 268.300 ;;;;
2024;7341PN;1; 732.100 ;;;;
2024;7341PT;1; 291.500 ;;;;
2024;7345AC;1; 72.300 ;;;;
2024;7345CK;1; 248.400 ;;;;
2024;7345CM;1; 92.500 ;;;;
2024;7345CN;1; 30.800 ;;;;
2024;7345CR;1; 287.200 ;;;;
2024;7345DZ;1; 400.400 ;;;;
2024;7345EE;1; 90.300 ;;;;
2024;7351AW;1; 373.000 ;;;;
2024;7361CH;1; 24.000 ;;;;
2024;7361CR;1; 32.000 ;;;;
2024;7361CT;1; 47.500 ;;;;
2024;7361CW;1; 30.000 ;;;;
2024;7361CX;1; 536.500 ;;;;
2024;7364AA;1; 273.400 ;;;;
2024;7364CA;1; 474.300 ;;;;
2024;7371AA;1; 102.100 ;;;;
2024;7371DE;1; 36.000 ;;;;
2024;7381AG;1; 32.400 ;;;;
2024;7382SB;2; 481.000 ;;;;
2024;7384CT;1; 779.000 ;;;;
2024;7384SL;1; 17.100 ;;;;
2024;7384SR;1; 372.300 ;;;;
2024;7395SE;1; 559.400 ;;;;
2024;7396NL;1; 365.500 ;;;;
2024;7431PE;1; 591.200 ;;;;
2024;7433RT;1; 72.000 ;;;;
2024;7434PM;1; 408.400 ;;;;
2024;7434RG;1; 227.820 ;;;;
2024;7434RH;1; 649.600 ;;;;
2024;7435PB;1; 76.900 ;;;;
2024;7437PJ;1; 27.000 ;;;;
2024;7443SP;1; 59.760 ;;;;
2024;7447RN;1; 572.100 ;;;;
2024;7447RP;1; 619.600 ;;;;
2024;7447SP;1; 77.460 ;;;;
2024;7448 RR;1; 61.690 ;;;;
2024;7448RN;1; 420.500 ;;;;
2024;7448RR;1; 361.250 ;;;;
2024;7448RT;1; 192.800 ;;;;
2024;7451CK;1; 170.700 ;;;;
2024;7451LP;1; 340.700 ;;;;
2024;7451LZ;1; 234.000 ;;;;
2024;7451MC;1; 20.000 ;;;;
2024;7451SC;1; 221.000 ;;;;
2024;7451SN;1; 15.000 ;;;;
2024;7461PN;1; 819.000 ;;;;
2024;7468RP;1; 272.500 ;;;;
2024;7468RV;1; 304.200 ;;;;
2024;7475RV;1; 1.141.800 ;;;;
2024;7475SZ;1; 246.600 ;;;;
2024;7475TK;1; 320.500 ;;;;
2024;7481PB;1; 68.800 ;;;;
2024;7481PX;1; 20.000 ;;;;
2024;7481VL;1; 660.300 ;;;;
2024;7482MA;1; 652.200 ;;;;
2024;7482RN;1; 238.000 ;;;;
2024;7482SB;1; 340.100 ;;;;
2024;7495PE;1; 630.000 ;;;;
2024;7495TV;1; 176.400 ;;;;
2024;7511BC;1; 247.200 ;;;;
2024;7522AK;1; 123.300 ;;;;
2024;7522PG;1; 481.000 ;;;;
2024;7524PT;1; 264.500 ;;;;
2024;7536PE;1; 542.600 ;;;;
2024;7546PR;1; 423.100 ;;;;
2024;7546RM;1; 236.380 ;;;;
2024;7548PB;1; 7.640 ;;;;
2024;7552PG;1; 366.680 ;;;;
2024;7554PG;1; 41.500 ;;;;
2024;7554PR;1; 463.500 ;;;;
2024;7554RR;1; 135.300 ;;;;
2024;7559PR;1; 324.600 ;;;;
2024;7561SJ;1; 20.660 ;;;;
2024;7574VB;1; 148.900 ;;;;
2024;7586RB;1; 42.600 ;;;;
2024;7586RR;1; 30.620 ;;;;
2024;7587LC;1; 75.280 ;;;;
2024;7587LL;1; 10.000 ;;;;
2024;7587ND;1; 211.700 ;;;;
2024;7588PB;1; 101.820 ;;;;
2024;7588RE;1; 94.000 ;;;;
2024;7591NB;1; 599.600 ;;;;
2024;7591NE;1; 71.416 ;;;;
2024;7595KH;1; 63.000 ;;;;
2024;7595MK;1; 294.000 ;;;;
2024;7601PC;1; 16.100 ;;;;
2024;7602CH;1; 13.220 ;;;;
2024;7609ZS;1; 30.820 ;;;;
2024;7615PK;1; 142.700 ;;;;
2024;7635NA;1; 3.548.600 ;;;;
2024;7635NK;1; 230.920 ;;;;
2024;7637PB;1; 17.000 ;;;;
2024;7637PD;1; 280.200 ;;;;
2024;7642NT;2; 660.990 ;;;;
2024;7651LC;1; 68.320 ;;;;
2024;7661RP;1; 230.700 ;;;;
2024;7663TE;1; 1.153.600 ;;;;
2024;7665SV;1; 16.000 ;;;;
2024;7665TN;1; 404.700 ;;;;
2024;7671RL;1; 140.100 ;;;;
2024;7678AT;1; 38.240 ;;;;
2024;7678SC;1; 50.380 ;;;;
2024;7678TA;1; 428.080 ;;;;
2024;7683AZ;2; 1.624.900 ;;;;
2024;7683PT;1; 665.600 ;;;;
2024;7683RA;1; 511.400 ;;;;
2024;7683SN;1; 175.800 ;;;;
2024;7688PV;1; 105.090 ;;;;
2024;7688RA;1; 126.000 ;;;;
2024;7691PE;1; 147.460 ;;;;
2024;7691PH;1; 177.400 ;;;;
2024;7701BG;1; 117.100 ;;;;
2024;7701PB;1; 121.500 ;;;;
2024;7707PP;1; 686.500 ;;;;
2024;7711BN;1; 158.800 ;;;;
2024;7715RD;3; 706.860 ;;;;
2024;7722HW;1; 38.480 ;;;;
2024;7722PD;1; 67.000 ;;;;
2024;7722PZ;1; 47.800 ;;;;
2024;7722SG;1; 88.720 ;;;;
2024;7722SM;1; 446.200 ;;;;
2024;7722SP;1; 1.869.700 ;;;;
2024;7722TW;2; 665.680 ;;;;
2024;7731PB;1; 174.300 ;;;;
2024;7731PX;1; 214.400 ;;;;
2024;7737PD;1; 468.700 ;;;;
2024;7737PG;1; 255.500 ;;;;
2024;7738PJ;1; 430.060 ;;;;
2024;7738PS;1; 248.700 ;;;;
2024;7739PE;1; 24.240 ;;;;
2024;7741NC;1; 124.140 ;;;;
2024;7751AM;1; 258.880 ;;;;
2024;7751NM;1; 162.000 ;;;;
2024;7751ZS;1; 170.000 ;;;;
2024;7755NG;1; 812.400 ;;;;
2024;7761AG;1; 131.940 ;;;;
2024;7776RW;1; 517.220 ;;;;
2024;7776SE;1; 71.640 ;;;;
2024;7776SN;1; 341.300 ;;;;
2024;7777SB;1; 73.200 ;;;;
2024;7784CG;1; 198.160 ;;;;
2024;7793HM;1; 680.200 ;;;;
2024;7796HR;1; 318.600 ;;;;
2024;7797RD;1; 137.960 ;;;;
2024;7812BM;1; 214.840 ;;;;
2024;7814TA;1; 597.200 ;;;;
2024;7814TD;1; 1.847.100 ;;;;
2024;7824RW;1; 227.498 ;;;;
2024;7841BP;1; 330.460 ;;;;
2024;7844NW;1; 60.000 ;;;;
2024;7845TB;1; 437.400 ;;;;
2024;7846AP;1; 250.900 ;;;;
2024;7846TB;1; 419.480 ;;;;
2024;7853TC;1; 55.120 ;;;;
2024;7863TJ;1; 306.720 ;;;;
2024;7871TG;1; 265.200 ;;;;
2024;7872TA;1; 337.700 ;;;;
2024;7874TL;1; 252.600 ;;;;
2024;7881HK;1; 127.460 ;;;;
2024;7881XB;1; 290.900 ;;;;
2024;7884TB;1; 13.800 ;;;;
2024;7885AN;1; 58.240 ;;;;
2024;7887GB;1; 511.280 ;;;;
2024;7887GD;1; 621.260 ;;;;
2024;7894AH;1; 507.800 ;;;;
2024;7908WT;1; 28.500 ;;;;
2024;7913TL;1; 73.100 ;;;;
2024;7913TR;1; 22.540 ;;;;
2024;7921XC;1; 90.680 ;;;;
2024;7925PK;1; 60.000 ;;;;
2024;7925PL;1; 87.000 ;;;;
2024;7926TR;1; 308.000 ;;;;
2024;7927PB;1; 229.220 ;;;;
2024;7932PJ;1; 216.700 ;;;;
2024;7934PD;1; 109.380 ;;;;
2024;7934PN;1; 379.600 ;;;;
2024;7943KG;1; 355.020 ;;;;
2024;7946KK;1; 255.700 ;;;;
2024;7946LZ;1; 284.000 ;;;;
2024;7948LE;1; 158.700 ;;;;
2024;7948NH;1; 348.940 ;;;;
2024;7949AN;1; 36.000 ;;;;
2024;7951PK;1; 81.000 ;;;;
2024;7954PB;1; 50.000 ;;;;
2024;7957NB;1; 194.600 ;;;;
2024;7958RA;1; 319.300 ;;;;
2024;7958SR;1; 71.760 ;;;;
2024;7961LN;1; 217.000 ;;;;
2024;7961NT;1; 200.000 ;;;;
2024;7963PC;1; 131.640 ;;;;
2024;7966AA;1; 189.580 ;;;;
2024;7966AB;1; 687.700 ;;;;
2024;7981NA;1; 389.800 ;;;;
2024;7981ND;1; 153.800 ;;;;
2024;7986PP;1; 70.000 ;;;;
2024;7991AB;1; 31.440 ;;;;
2024;7991NB;1; 511.560 ;;;;
2024;8014BE;2; 503.700 ;;;;
2024;8020;1; 35.900 ;;;;
2024;8021DA;1; 2.000 ;;;;
2024;8034PJ;1; 576.900 ;;;;
2024;8035PL;1; 330.000 ;;;;
2024;8051SH;1; 52.140 ;;;;
2024;8061RR;1; 72.950 ;;;;
2024;8071RR;1; 384.540 ;;;;
2024;8071SJ;1; 311.000 ;;;;
2024;8072DG;1; 371.800 ;;;;
2024;8076PM;1; 333.600 ;;;;
2024;8077RA;1; 390.800 ;;;;
2024;8077RT;1; 160.000 ;;;;
2024;8081RZ;1; 276.280 ;;;;
2024;8084HE;1; 267.000 ;;;;
2024;8084PM;2; 105.000 ;;;;
2024;8091PD;1; 154.700 ;;;;
2024;8091PK;1; 63.000 ;;;;
2024;8091PL;1; 486.600 ;;;;
2024;8094SB;1; 3.546.990 ;;;;
2024;8096PJ;1; 15.000 ;;;;
2024;8096PS;1; 129.650 ;;;;
2024;8101PS;1; 30.000 ;;;;
2024;8102RN;1; 218.380 ;;;;
2024;8102SL;1; 1.114.200 ;;;;
2024;8102ST;1; 15.400 ;;;;
2024;8105RE;1; 84.000 ;;;;
2024;8105SB;1; 52.800 ;;;;
2024;8105SK;1; 42.180 ;;;;
2024;8106AC;1; 368.200 ;;;;
2024;8106AG;1; 1.068.400 ;;;;
2024;8106RJ;1; 36.500 ;;;;
2024;8106RK;1; 217.300 ;;;;
2024;8112PK;1; 238.420 ;;;;
2024;8112PS;1; 108.000 ;;;;
2024;8112PT;1; 202.300 ;;;;
2024;8121RV;1; 625.500 ;;;;
2024;8124RA;1; 66.480 ;;;;
2024;8131TC;1; 931.000 ;;;;
2024;8141PA;1; 347.000 ;;;;
2024;8141PN;1; 66.700 ;;;;
2024;8144RC;1; 524.300 ;;;;
2024;8144RE;1; 75.000 ;;;;
2024;8146PK;1; 73.100 ;;;;
2024;8146PM;1; 191.300 ;;;;
2024;8148RH;1; 286.700 ;;;;
2024;8151AT;1; 161.000 ;;;;
2024;8152DG;1; 501.700 ;;;;
2024;8153RC;1; 30.000 ;;;;
2024;8162NE;1; 405.200 ;;;;
2024;8162NG;2; 106.000 ;;;;
2024;8162PR;1; 41.000 ;;;;
2024;8162RP;1; 317.080 ;;;;
2024;8166JR;1; 183.300 ;;;;
2024;8166KR;1; 3.208.280 ;;;;
2024;8167LP;1; 66.000 ;;;;
2024;8167LV;1; 133.580 ;;;;
2024;8171LC;1; 45.450 ;;;;
2024;8171LE;1; 270.700 ;;;;
2024;8171PT;1; 433.800 ;;;;
2024;8171RK;1; 118.700 ;;;;
2024;8181NN;1; 65.000 ;;;;
2024;8181PM;1; 473.200 ;;;;
2024;8181RA;1; 589.500 ;;;;
2024;8191BW;1; 42.600 ;;;;
2024;8191KM;1; 339.940 ;;;;
2024;8191KT;1; 16.400 ;;;;
2024;8211BB;1; 116.600 ;;;;
2024;8211BD;1; 32.580 ;;;;
2024;8219PE;1; 991.100 ;;;;
2024;8219PV;1; 608.500 ;;;;
2024;8222AJ;1; 495.920 ;;;;
2024;8245AB;1; 728.800 ;;;;
2024;8251PB;2; 1.121.800 ;;;;
2024;8251PX;1; 686.500 ;;;;
2024;8251RC;1; 89.200 ;;;;
2024;8251RG;1; 83.640 ;;;;
2024;8251SJ;1; 245.500 ;;;;
2024;8255PM;1; 268.600 ;;;;
2024;8255RT;1; 107.800 ;;;;
2024;8256PD;1; 605.400 ;;;;
2024;8256PS;1; 117.000 ;;;;
2024;8256RA;1; 122.000 ;;;;
2024;8256RW;1; 448.000 ;;;;
2024;8265PD;1; 669.400 ;;;;
2024;8271PJ;1; 260.780 ;;;;
2024;8276BC;1; 1.388.590 ;;;;
2024;8278AB;1; 82.260 ;;;;
2024;8278AN;1; 207.360 ;;;;
2024;8293PA;1; 265.680 ;;;;
2024;8302AZ;2; 655.600 ;;;;
2024;8303MK;1; 152.700 ;;;;
2024;8308PN;1; 84.880 ;;;;
2024;8313PL;1; 196.200 ;;;;
2024;8313PX;1; 424.600 ;;;;
2024;8313RM;1; 454.960 ;;;;
2024;8314PW;1; 350.700 ;;;;
2024;8314PX;1; 220.300 ;;;;
2024;8321NC;1; 76.500 ;;;;
2024;8336KJ;1; 207.840 ;;;;
2024;8338KG;1; 641.900 ;;;;
2024;8346KP;1; 420.400 ;;;;
2024;8381XL;1; 105.800 ;;;;
2024;8385GL;1; 323.620 ;;;;
2024;8392NL;1; 417.410 ;;;;
2024;8392NV;1; 149.000 ;;;;
2024;8393RC;1; 1.116.600 ;;;;
2024;8396GX;1; 303.700 ;;;;
2024;8397GA;1; 327.240 ;;;;
2024;8397LG;1; 137.800 ;;;;
2024;8401BD;1; 56.900 ;;;;
2024;8408JD;1; 100.000 ;;;;
2024;8409CL;1; 125.000 ;;;;
2024;8409JG;1; 35.000 ;;;;
2024;8422DN;1; 291.100 ;;;;
2024;8423TA;1; 194.200 ;;;;
2024;8426AJ;1; 154.170 ;;;;
2024;8426EN;1; 305.900 ;;;;
2024;8431TX;1; 348.900 ;;;;
2024;8434ND;1; 61.300 ;;;;
2024;8435VW;1; 383.800 ;;;;
2024;8451KD;1; 459.800 ;;;;
2024;8459BR;1; 339.500 ;;;;
2024;8462TD;1; 252.480 ;;;;
2024;8464VK;1; 1.266.500 ;;;;
2024;8468ME;1; 8.800 ;;;;
2024;8471ZD;1; 219.900 ;;;;
2024;8472AS;1; 108.000 ;;;;
2024;8474EA;1; 385.980 ;;;;
2024;8474EB;1; 621.620 ;;;;
2024;8477AG;1; 40.000 ;;;;
2024;8479HJ;2; 802.440 ;;;;
2024;8494MZ;2; 849.440 ;;;;
2024;8495NG;1; 300.000 ;;;;
2024;8501ZC;1; 33.580 ;;;;
2024;8501ZE;1; 338.500 ;;;;
2024;8501ZJ;1; 110.500 ;;;;
2024;8506BA;1; 146.300 ;;;;
2024;8510;1; 280.720 ;;;;
2024;8512AA;1; 19.000 ;;;;
2024;8513CH;1; 215.100 ;;;;
2024;8522ML;1; 146.600 ;;;;
2024;8522MV;1; 66.000 ;;;;
2024;8526DV;1; 33.000 ;;;;
2024;8529MJ;1; 64.400 ;;;;
2024;8532BS;1; 25.000 ;;;;
2024;8538RH;1; 66.100 ;;;;
2024;8565GP;1; 64.260 ;;;;
2024;8566JE;1; 30.000 ;;;;
2024;8567HA;1; 106.840 ;;;;
2024;8567LL;1; 425.260 ;;;;
2024;8571RL;1; 393.040 ;;;;
2024;8584VA;1; 89.000 ;;;;
2024;8584VS;1; 50.610 ;;;;
2024;8608JL;1; 30.320 ;;;;
2024;8617LA;1; 581.000 ;;;;
2024;8626GA;1; 9.750 ;;;;
2024;8627SH;1; 25.000 ;;;;
2024;8629RM;1; 102.900 ;;;;
2024;8633WR;1; 87.400 ;;;;
2024;8636VX;1; 239.300 ;;;;
2024;8642WG;1; 19.100 ;;;;
2024;8658LL;1; 28.940 ;;;;
2024;8700;1; 19.700 ;;;;
2024;8721GE;1; 20.000 ;;;;
2024;8723BX;1; 24.000 ;;;;
2024;8723EK;1; 95.300 ;;;;
2024;8723LZ;2; 118.250 ;;;;
2024;8730;1; 32.960 ;;;;
2024;8741KE;1; 558.600 ;;;;
2024;8748CW;1; 25.680 ;;;;
2024;8750;1; 21.600 ;;;;
2024;8753JA;1; 154.300 ;;;;
2024;8763MD;1; 1.232.940 ;;;;
2024;8765LH;1; 49.700 ;;;;
2024;8772KL;1; 384.800 ;;;;
2024;8802PH;1; 45.000 ;;;;
2024;8804RJ;1; 44.180 ;;;;
2024;8806KR;1; 79.200 ;;;;
2024;8820;1; 202.520 ;;;;
2024;8821LW;1; 706.480 ;;;;
2024;8822WD;1; 28.120 ;;;;
2024;8832KD;1; 44.100 ;;;;
2024;8843KD;1; 35.360 ;;;;
2024;8851RE;1; 100.000 ;;;;
2024;8851RH;1; 8.000 ;;;;
2024;8862BM;1; 907.100 ;;;;
2024;8862CE;1; 185.350 ;;;;
2024;8899BV;1; 44.000 ;;;;
2024;9000;1; 8.100 ;;;;
2024;9005XK;1; 813.520 ;;;;
2024;9009XD;1; 33.280 ;;;;
2024;9011WJ;1; 5.980 ;;;;
2024;9023AP;1; 470.100 ;;;;
2024;9025BR;1; 3.729.430 ;;;;
2024;9034VB;1; 283.160 ;;;;
2024;9035VK;1; 148.480 ;;;;
2024;9036LP;1; 336.100 ;;;;
2024;9041VL;1; 52.380 ;;;;
2024;9057LH;1; 1.337.200 ;;;;
2024;9074AA;1; 14.200 ;;;;
2024;9074TG;1; 930.000 ;;;;
2024;9074TJ;1; 217.000 ;;;;
2024;9077SW;1; 500.600 ;;;;
2024;9077TX;2; 766.230 ;;;;
2024;9079LH;1; 514.500 ;;;;
2024;9079PB;1; 39.130 ;;;;
2024;9079PE;1; 77.540 ;;;;
2024;9100;1; 52.020 ;;;;
2024;9105KJ;1; 60.000 ;;;;
2024;9108NA;1; 118.700 ;;;;
2024;9111GK;1; 91.900 ;;;;
2024;9112;1; 203.800 ;;;;
2024;9113AV;1; 7.505.468 ;;;;
2024;9150;1; 97.500 ;;;;
2024;9160;1; 116.060 ;;;;
2024;9170;1; 740.000 ;;;;
2024;9171AL;1; 278.000 ;;;;
2024;9205BZ;1; 896.300 ;;;;
2024;9212VB;1; 20.000 ;;;;
2024;9215VP;1; 962.000 ;;;;
2024;9216XH;1; 164.000 ;;;;
2024;9216XM;1; 100.000 ;;;;
2024;9222NT;1; 146.040 ;;;;
2024;9223LR;1; 312.900 ;;;;
2024;9241GA;1; 35.000 ;;;;
2024;9241HM;1; 32.240 ;;;;
2024;9241WB;1; 306.260 ;;;;
2024;9241WJ;1; 407.600 ;;;;
2024;9243SK;1; 531.500 ;;;;
2024;9244GC;1; 28.080 ;;;;
2024;9247TT;1; 276.940 ;;;;
2024;9247WL;1; 836.000 ;;;;
2024;9248WR;1; 1.052.870 ;;;;
2024;9258CV;1; 734.200 ;;;;
2024;9261XL;1; 53.300 ;;;;
2024;9261XV;1; 71.000 ;;;;
2024;9270;1; 47.200 ;;;;
2024;9271VG;1; 137.300 ;;;;
2024;9281LA;1; 66.330 ;;;;
2024;9285XK;1; 50.000 ;;;;
2024;9289HC;1; 157.950 ;;;;
2024;9289HH;1; 20.000 ;;;;
2024;9289XL;1; 71.300 ;;;;
2024;9296VB;1; 150.000 ;;;;
2024;9301ZD;1; 303.860 ;;;;
2024;9307PB;1; 178.160 ;;;;
2024;9321XN;1; 72.000 ;;;;
2024;9354AC;1; 216.300 ;;;;
2024;9354TD;1; 15.300 ;;;;
2024;9354VH;1; 77.500 ;;;;
2024;9354XM;1; 695.440 ;;;;
2024;9355TE;1; 112.860 ;;;;
2024;9356AV;1; 957.300 ;;;;
2024;9356VA;2; 221.880 ;;;;
2024;9363AG;1; 584.800 ;;;;
2024;9363VC;2; 279.800 ;;;;
2024;9363VE;1; 227.000 ;;;;
2024;9363VK;1; 181.900 ;;;;
2024;9364PG;1; 539.160 ;;;;
2024;9364PR;1; 336.200 ;;;;
2024;9405VD;1; 206.200 ;;;;
2024;9411VA;1; 21.500 ;;;;
2024;9411XC;1; 58.820 ;;;;
2024;9411XD;1; 118.240 ;;;;
2024;9414TN;1; 16.520 ;;;;
2024;9422CH;1; 72.400 ;;;;
2024;9431BZ;1; 343.000 ;;;;
2024;9443PA;1; 473.580 ;;;;
2024;9443TJ;2; 722.060 ;;;;
2024;9443TL;2; 120.200 ;;;;
2024;9445XH;1; 100.000 ;;;;
2024;9447TW;1; 139.500 ;;;;
2024;9457TA;1; 794.120 ;;;;
2024;9457TB;1; 195.000 ;;;;
2024;9458TA;1; 24.000 ;;;;
2024;9462PN;1; 503.800 ;;;;
2024;9481AV;1; 949.700 ;;;;
2024;9497PS;1; 73.260 ;;;;
2024;9497TE;1; 333.460 ;;;;
2024;9502CB;1; 442.020 ;;;;
2024;9503RL;1; 41.180 ;;;;
2024;9525TC;1; 65.080 ;;;;
2024;9525TJ;1; 9.010 ;;;;
2024;9525TK;1; 147.160 ;;;;
2024;9528TA;1; 418.340 ;;;;
2024;9531TE;2; 786.900 ;;;;
2024;9536PG;1; 109.280 ;;;;
2024;9561CS;1; 261.600 ;;;;
2024;9564PC;1; 241.300 ;;;;
2024;9584TH;1; 213.280 ;;;;
2024;9591TS;1; 95.300 ;;;;
2024;9602VT;1; 65.740 ;;;;
2024;9605PP;1; 551.500 ;;;;
2024;9608PB;1; 264.600 ;;;;
2024;9614AE;2; 918.040 ;;;;
2024;9622PE;1; 170.000 ;;;;
2024;9627PA;1; 207.700 ;;;;
2024;9651AB;1; 35.560 ;;;;
2024;9658PG;1; 168.280 ;;;;
2024;9660;1; 24.700 ;;;;
2024;9661TJ;1; 1.066.380 ;;;;
2024;9663SN;1; 349.380 ;;;;
2024;9672TC;1; 424.600 ;;;;
2024;9675TA;1; 675.120 ;;;;
2024;9675TT;2; 1.027.500 ;;;;
2024;9684EM;1; 225.400 ;;;;
2024;9723AT;1; 168.820 ;;;;
2024;9745CP;1; 220.600 ;;;;
2024;9745EM;2; 1.270.040 ;;;;
2024;9755PA;1; 213.000 ;;;;
2024;9765EM;1; 374.460 ;;;;
2024;9781TS;1; 130.250 ;;;;
2024;9792TD;1; 78.300 ;;;;
2024;9792TK;1; 250.100 ;;;;
2024;9795TA;1; 71.200 ;;;;
2024;9797TA;1; 255.480 ;;;;
2024;9800;1; 89.320 ;;;;
2024;9821TB;1; 287.000 ;;;;
2024;9821TE;1; 919.680 ;;;;
2024;9821TG;1; 363.420 ;;;;
2024;9824PE;1; 225.500 ;;;;
2024;9824TC;1; 8.000 ;;;;
2024;9831;1; 19.400 ;;;;
2024;9832TE;1; 445.000 ;;;;
2024;9863TP;1; 208.860 ;;;;
2024;9864TE;1; 77.848 ;;;;
2024;9865VN;1; 412.850 ;;;;
2024;9865VX;1; 204.460 ;;;;
2024;9866TN;1; 30.000 ;;;;
2024;9880;1; 37.320 ;;;;
2024;9910;1; 25.840 ;;;;
2024;9931BT;1; 1.307.300 ;;;;
2024;9940;1; 430.760 ;;;;
2024;9944AA;1; 294.820 ;;;;
2024;9944BW;1; 106.240 ;;;;
2024;9945RC;1; 389.200 ;;;;
2024;9951TR;2; 439.320 ;;;;
2024;9967TK;1; 1.699.700 ;;;;
2024;9973TB;1; 170.000 ;;;;
2024;9975VZ;1; 391.080 ;;;;
2024;9981ND;1; 383.660 ;;;;
2024;9989EK;1; 121.600 ;;;;
2024;9990;1; 393.620 ;;;;
2024;9991;1; 815.300 ;;;;
2024;9995NC;1; 49.000 ;;;;
